party,order,name
ไทยทรัพย์ทวี,1,นายทวีทรัพย์ ตัดสมัย
ไทยทรัพย์ทวี,2,นางเมลดา เกตุวิชิต
ไทยทรัพย์ทวี,3,นางพนิตพร ส่อนชัย
เพื่อชาติไทย,1,นายพงษ์ฐวัฒน์ เตชะเดชเรื่องกุล
เพื่อชาติไทย,2,นายอชินาธิรัตน์ ฉัตรทวีวรชัย
เพื่อชาติไทย,3,นายวรรณยุทธ ไวยวุฒิ
เพื่อชาติไทย,4,นายสุพล หมื่นศรีพรม
เพื่อชาติไทย,5,นายทองจันทร์ จันเต
เพื่อชาติไทย,6,นายวิทธวัตร เถาว์สอน
พรรคใหม่,1,นางสาวนวินดา สวัสดิ์เดชดี
พรรคใหม่,2,นายทิวา ขำศิริ
พรรคใหม่,3,นายทรงตระกูล โสมคำ
พรรคใหม่,4,นายสุรสิทธิ์ มัจฉาเดช
พรรคใหม่,5,นายวิเชษฐ์ บุนนาค
พรรคใหม่,6,นายกาวาล โสชู
พรรคใหม่,7,นายนิพล อาบทอง
พรรคใหม่,8,นายสิทธิพร สาระพิน
พรรคใหม่,9,นางสาวภาวิณี แต้สกุล
พรรคใหม่,10,นายภาวัช เตชะเอนกวงค์
พรรคใหม่,11,พลเอก ชินเสณ ทองโกมล
พรรคใหม่,12,พันตำรวจเอก บุญฤทธิ์ ชวีวัฒน์
พรรคใหม่,13,พันตำรวจโท สุชาติ แสงนิล
พรรคใหม่,14,พันเอก (พิเศษ) อำนวย เพียรดี
พรรคใหม่,15,นายมนู พิมพา
พรรคใหม่,16,นายณัฐวัชร์ ชุมฝาง
พรรคใหม่,17,นายธนกร สังข์โชติ
พรรคใหม่,18,นางสาวพรทิพย์ กล้วยไม้ ณ อยุธยา
พรรคใหม่,19,ผู้ช่วยศาสตราจารย์กุสุมามาลย์ ปัจฉิมสวัสดิ์
พรรคใหม่,20,นายวิเชียร ราชบุรี
พรรคใหม่,21,นายอนุชา มีแก้วเจริญ
พรรคใหม่,22,นางสาววรรณีย์ ขันธ์วิเศษ
พรรคใหม่,23,นายสมศักดิ์ อัครโชติโสภณ
พรรคใหม่,24,นายเกียรติพฬ คำดี
พรรคใหม่,25,นางสาวจินดา ชามา
พรรคใหม่,26,นายธงศักดิ์ เกิดสุข
พรรคใหม่,27,นายเพ็ชรประเสริฐ แก้วดวงใจ
พรรคใหม่,28,นางอรพิน มัจฉาเดช
พรรคใหม่,29,นายเอกพงศ์ สว่างวงษ์
พรรคใหม่,30,นายศิวพันธ์ เภารัตน์
พรรคใหม่,31,นายปัญญา โพเตียน
พรรคใหม่,32,นายไพบูลย์ ลิ่มรัตนะมงคล
พรรคใหม่,33,นางสาววณิชา มีทม
พรรคใหม่,34,นางสาวภิญญดา ชัชจิรากุลเดช อีลิค
พรรคใหม่,35,นางสาวฐานุตรา พุ่มสีดา
พรรคใหม่,36,นางยุพิน สะโมสร
พรรคใหม่,37,นายจำรัส พลอยม่วง
พรรคใหม่,38,นายสมเจตน์ โพเตียน
พรรคใหม่,39,นายคมกฤช กาญจนากาศ
พรรคใหม่,40,นางสาวฉัตรฉกฎ ดวงจิตพุทธคุณ
พรรคใหม่,41,นายเวียง สาดนอก
พรรคมิติใหม่,1,นายปรีชา ไข่แก้ว
พรรคมิติใหม่,2,นายปพน วงศ์ตระกูล
พรรคมิติใหม่,3,นายวรปรัชญ์ พ้องพงษ์ศรี
พรรคมิติใหม่,4,นางสาวชลธิดา ยุทธเสรี
พรรคมิติใหม่,5,นายสมมิตร รัตนกระจ่าง
พรรคมิติใหม่,6,นางสาวช่อทิพย์ สวัสดี
พรรคมิติใหม่,7,นายวิษณุ ชูไทย
พรรคมิติใหม่,8,นายยศพล พึ่งงาม
พรรคมิติใหม่,9,นางสาวรัตนาภรณ์ ชวฤทธิ์เลิศสกุล
พรรคมิติใหม่,10,นายอานนท์ บุญชุ่ม
พรรคมิติใหม่,11,นางสาวจิรดา วัฒนสุข
พรรคมิติใหม่,12,นางสาวบุญญิสา ตันเยี่ยน
พรรครวมใจไทย,1,นายบุญรวี ยมจินดา
พรรครวมใจไทย,2,นายชัยธรณ์ ยมจินดา
พรรครวมใจไทย,3,นายพิชญุตม์ สุชิน
พรรครวมใจไทย,4,นายสมนึก วิจิตรโสภณ
พรรครวมใจไทย,5,นายชาตรี ไทยทัต
พรรครวมใจไทย,6,นายอนันต์ อินทรรัสมี
พรรครวมใจไทย,7,นางนัฐฐานันท์ ดวงมาลย์
พรรครวมใจไทย,8,นายสุรสีห์ ธรรมวงษ์ศา
พรรครวมใจไทย,9,นายกะสินธุ์ สีดามาตย์
พรรครวมใจไทย,10,นายจีรวัฒน์ เกตุวงษ์
พรรครวมใจไทย,11,นายสิรภพ กลิ่นชาวนา
พรรครวมใจไทย,12,"นายธีระศักดิ์
พงษ์ไกรรุ่งเรือง"
พรรครวมไทยสร้างชาติ,1,นายพีระพันธุ์ สาลีรัฐวิภาค
พรรครวมไทยสร้างชาติ,2,นายชัชวาลล์ คงอุดม
พรรครวมไทยสร้างชาติ,3,นายอรรถวิชช์ สุวรรณภักดี
พรรครวมไทยสร้างชาติ,4,นายนราพัฒน์ แก้วทอง
พรรครวมไทยสร้างชาติ,5,นายวิทยา แก้วภราดัย
พรรครวมไทยสร้างชาติ,6,พันเอก เฟื่องวิชช์ อนิรุทธเทวา
พรรครวมไทยสร้างชาติ,7,นายสยาม บางกุลธรรม
พรรครวมไทยสร้างชาติ,8,นายสามารถ มะลูลีม
พรรครวมไทยสร้างชาติ,9,นาวาอากาศตรี ปุญณัฐส์ นำพา
พรรครวมไทยสร้างชาติ,11,นายปรากรมศักดิ์ ชุณหะวัณ
พรรครวมไทยสร้างชาติ,12,นายเกรียงไกรมาศ พจนสุนทร
พรรครวมไทยสร้างชาติ,13,นายขรรค์ชัย แก้วเนตร
พรรครวมไทยสร้างชาติ,14,นางสาวศศิกานต์ วัฒนะจันทร์
พรรครวมไทยสร้างชาติ,15,นายติน ตันติเตชะ
พรรครวมไทยสร้างชาติ,16,นายอดิศร โพธิ์อ่าน
พรรครวมไทยสร้างชาติ,17,นายอะห์หมัด บอสตา
พรรครวมไทยสร้างชาติ,18,นายวัชรินทร์ เรืองฤทธิ์กูล
พรรครวมไทยสร้างชาติ,19,นายนพดล พรหมภาสิต
พรรครวมไทยสร้างชาติ,20,นายสมโภช โชติชูช่วง
พรรครวมไทยสร้างชาติ,21,นางสาวภัทธปภา นิ่มเรือง
พรรครวมไทยสร้างชาติ,22,นายฐิฏฐิติวาสก์ เสนีย์
พรรครวมไทยสร้างชาติ,23,นายศรายุทธ พุทธรักษา
พรรครวมไทยสร้างชาติ,24,นายสุโรจน์ จันทรพิทักษ์
พรรครวมไทยสร้างชาติ,25,นายศิริ งามขำ
พรรครวมไทยสร้างชาติ,26,นายณัฐชา ลิขิตกิจวรกุล
พรรครวมไทยสร้างชาติ,27,นางสาวนารีรัตน์ ว่องไว
พรรครวมไทยสร้างชาติ,28,พลเรือตรี วชิระ ประทีปะวณิช ร.น.
พรรครวมไทยสร้างชาติ,28,ว่าที่ร้อยตรีหญิง ศุภานัน ตัณยะกุล
พรรครวมไทยสร้างชาติ,29,นางสาวสุดาพรรรณ นิธิยานันท์
พรรครวมไทยสร้างชาติ,30,นางนงลักษณ์ นกต่อ
พรรครวมไทยสร้างชาติ,31,นางสาวฐิตาภรณ์ สุขประชา
พรรครวมไทยสร้างชาติ,32,นางสาวรัตนาวรรณ สุขศาลา
พรรครวมไทยสร้างชาติ,33,นายสราวุธ ศุภรมย์
พรรครวมไทยสร้างชาติ,34,นางสมจิตต์ รถทอง
พรรครวมไทยสร้างชาติ,35,นายเทพฤทธิ์ ฤทธิณรงค์
พรรครวมไทยสร้างชาติ,36,นายวรชาติ อหันทริก
พรรครวมไทยสร้างชาติ,37,นายกิตติพัฒน์ มีสุวรรณ
พรรครวมไทยสร้างชาติ,38,นางสาวพนัชกร ตุลานนท์
พรรครวมไทยสร้างชาติ,39,นายภูมินทร์ วรปัญญา
พรรครวมไทยสร้างชาติ,40,นางสาวพนัชปวัน สายสุวรรณ
พรรครวมไทยสร้างชาติ,41,นายมั่นบุญ มณีนันทน์
พรรครวมไทยสร้างชาติ,42,นางสาวณัฐสินี วันทมาตย์
พรรครวมไทยสร้างชาติ,43,นายชยกร มาอินทร์
พรรครวมไทยสร้างชาติ,44,นางนิษฐ์วดี พรเลิศเทียนชุบ
พรรครวมไทยสร้างชาติ,45,ร้อยเอก พีระภัฏ บุญเจริญ
พรรครวมไทยสร้างชาติ,46,พลตรี นิวัต ก้อนทอง
พรรครวมไทยสร้างชาติ,47,นายนิธิโรจน์ พุทธิเรืองนนท์
พรรครวมไทยสร้างชาติ,48,นายวัฒนา ภู่โอบอ้อม
พรรครวมไทยสร้างชาติ,49,นางสายพิน สันทัด
พรรครวมไทยสร้างชาติ,50,นางวีณา วีรอิสระกุล
พรรครวมไทยสร้างชาติ,51,นายเสกสรรค์ อุ่นอ่อน
พรรครวมไทยสร้างชาติ,52,นายสงกรานต์ สมัครเขตรการณ์
พรรครวมไทยสร้างชาติ,53,นางสาวณัฐกฤตา สุวรรณรัตน์
พรรครวมไทยสร้างชาติ,54,นายวสวัตติ์ กลิ่นขจร
พรรครวมไทยสร้างชาติ,55,พันตำรวจเอก สุรศักดิ์ เปลี่ยนขำ
พรรครวมไทยสร้างชาติ,56,นายสุขสวัสดิ์ เสมอมาศ
พรรครวมไทยสร้างชาติ,57,นายปิยวัฒน์ บุญมา
พรรครวมไทยสร้างชาติ,58,นายสีหศักดิ์ อดุลย์วิโรจน์
พรรครวมไทยสร้างชาติ,59,นายนิคม ฤทธิ์ศรีบุญ
พรรครวมไทยสร้างชาติ,60,นายโปรย สมบัติ
พรรครวมไทยสร้างชาติ,61,นายอัศวิน นิลเต่า
พรรครวมไทยสร้างชาติ,62,นายอนันต์ จินะกาศ
พรรครวมไทยสร้างชาติ,63,นายวิเชษฐ์ ชูชื่น
พรรครวมไทยสร้างชาติ,64,นางสาววาเลน ชื่นโชคสันต์
พรรครวมไทยสร้างชาติ,65,นางสาวกนิษฐรินทร์ พัชรภักดีโชติ
พรรครวมไทยสร้างชาติ,66,นายนรเกติ ยองประยูร
พรรครวมไทยสร้างชาติ,67,นางสาวพัฒน์นรี ชัยอารีย์กิจ
พรรครวมไทยสร้างชาติ,68,นายจิรัฏฐ์ ชัยอารีย์กิจ
พรรครวมไทยสร้างชาติ,69,นายกร บุญมาเลิศ
พรรครวมไทยสร้างชาติ,70,นายนิธิพัฒน์ ศรีสวัสดิ์
พรรครวมไทยสร้างชาติ,71,นายนิติศาสตร์ มลาไวย์
พรรครวมไทยสร้างชาติ,72,นาวาอากาศเอก พิสิฐ ประเสริฐศรี
พรรครวมไทยสร้างชาติ,73,นายทองคำ ผัดตัน
พรรครวมไทยสร้างชาติ,74,นายปภาณ บุญลือพันธ์
พรรครวมไทยสร้างชาติ,75,นายรักสยาม นามานุภาพ
พรรครวมไทยสร้างชาติ,76,นายเดชา พงษ์พานิชนุกูล
พรรครวมไทยสร้างชาติ,77,นายปฏิภาณ ปัญญาดี
พรรครวมไทยสร้างชาติ,78,นายวิชาญ หงส์นฤชัย
พรรครวมไทยสร้างชาติ,79,นายสมกียรติ คงเจาะ
พรรครวมไทยสร้างชาติ,80,นายจรูญ พุทธซ้อน
พรรครวมไทยสร้างชาติ,82,นายประชา มุ่งรักษ์ชน
พรรครวมไทยสร้างชาติ,83,นายศักรินทร์ เกตุนุ้ย
พรรครวมไทยสร้างชาติ,84,นางสาวรัชต์ฉวี แก้วกิ่งจันทร์
พรรครวมไทยสร้างชาติ,85,นายคยูรทร อ่อนแก้ว
พรรครวมไทยสร้างชาติ,86,นายจรูญฤทธิ์ สุวรรณรัตน์
พรรครวมไทยสร้างชาติ,87,นายสมยศ ลักษณะสมบูรณ์
พรรครวมไทยสร้างชาติ,88,นายธนภัทร จันทนา
พรรครวมไทยสร้างชาติ,89,นายธนวัฒก์ สมบัติรักษ์
พรรครวมไทยสร้างชาติ,90,นายมหภาค ชูแจ้ง
พรรครวมไทยสร้างชาติ,91,นายจิรเมศร์ อุดมประยูรศักด์
พรรครวมไทยสร้างชาติ,92,นายสมบัติ จันมาทนะ
พรรครวมไทยสร้างชาติ,93,นางสาวจุฬารัตน์ วัฒนะวิรุณ
พรรครวมไทยสร้างชาติ,94,ว่าที่ร้อยตรี ธนิตศักดิ์ ดารามั่น
พรรครวมไทยสร้างชาติ,95,ว่าที่ร้อยตรี ไต้หวัน คำสร้าง
พรรครวมไทยสร้างชาติ,96,นางปรารถนา สีม่วง
พรรครวมไทยสร้างชาติ,97,นายพชรพล จิตรีปลื้ม
พรรครวมไทยสร้างชาติ,98,นายจรัล บุญพนาศรี
พรรครวมไทยสร้างชาติ,99,นางสาวจิราภา มุขจร
พรรครวมไทยสร้างชาติ,99,นางสาวนูรนีซา มะยิ
พรรครวมไทยสร้างชาติ,100,นายสยามรัตน์ ตติยานนท์
พรรคพลวัต,1,นายกัณวีร์ สืบแสง
พรรคพลวัต,2,นายสรยุทธ เพ็ชรตระกูล
พรรคพลวัต,3,นายอภิสิทธิ์ ไล่สัตรูไกล
พรรคพลวัต,4,นายกุลพัสฐ์ พูลศิริวงศ์
พรรคพลวัต,5,นายเมธี พรมเสน
พรรคพลวัต,6,หม่อมหลวงกุลธร เกษมสันต์
พรรคพลวัต,7,นางลดาวัลย์ สุทธิวัจน์ชินเดช
พรรคพลวัต,8,นายกฤษ อิสสระชานน
พรรคพลวัต,9,นายชาติชาย อมรเลิศวัฒนา
พรรคพลวัต,10,นางสาวปวีณา ศรีสกุล
พรรคพลวัต,11,นางสาวผุสดี ธนาไกรกิติ
พรรคพลวัต,12,นายพอใจ อุทัยสุข
พรรคพลวัต,13,นายไพรัตน์ แสงสีดำ
พรรคพลวัต,14,ว่าที่พันตรี ชาติศักดิ์ แท่งทอง
พรรคพลวัต,15,นางจีราพร หมื่นนาค
พรรคพลวัต,16,นายบุญทอง เอื้อหิรัญญานนท์
พรรคพลวัต,17,นางมณีทิพย์ ธรรมสิริภัสสร
พรรคพลวัต,18,นายศุภกิจ ต้นวิบูลย์ศักดิ์
พรรคพลวัต,19,นายกัมปนาท แก่นอาสา
พรรคพลวัต,20,ว่าที่ร้อยตรี ศิรปัญจพล พงสินพุฒิภาภัทร
พรรคพลวัต,21,นายอธิพัชร์ ทารักษ์
พรรคพลวัต,22,นายพเยาว์ เสนาะเสียง
พรรคพลวัต,23,นายพุฒิพงศ์ จิรัตกิติวงศ์
พรรคพลวัต,24,นางสาวจิรารัตน์ มูลศิริ
พรรคประชาธิปไตยใหม่,1,นายสุรทิน พิจารณ์
พรรคประชาธิปไตยใหม่,2,นางแพงศรี พิจารณ์
พรรคประชาธิปไตยใหม่,3,นายวิชัย ครองยุติ
พรรคประชาธิปไตยใหม่,4,นายปฏิวัติ พิจารณ์
พรรคประชาธิปไตยใหม่,5,นางสาวปวีณา ปาคำ
พรรคประชาธิปไตยใหม่,6,นายพลภัทร หอมแม้น
พรรคประชาธิปไตยใหม่,7,นายคมชาญ ชัยนิคม
พรรคประชาธิปไตยใหม่,8,นางสาวธัญญกาญจน์ โพธิ์พัฒน์
พรรคประชาธิปไตยใหม่,9,ว่าที่พันตรี คธาวุธ แสงประจักษ์
พรรคประชาธิปไตยใหม่,10,นายการุญ วิเศษรัตน์
พรรคประชาธิปไตยใหม่,11,นายมะนาว คงคาคูล
พรรคประชาธิปไตยใหม่,12,นางบัวสอน โยหาศรี
พรรคประชาธิปไตยใหม่,13,นายไพทูรย์ คำแสงดี
พรรคประชาธิปไตยใหม่,14,นายทีปพรรธน์ สิงห์ที
พรรคประชาธิปไตยใหม่,15,นายชยกฤต ศรีพัชรกุล
พรรคประชาธิปไตยใหม่,16,นางสุชาดา พลนุ้ย
พรรคประชาธิปไตยใหม่,17,นายสมนึก หนูแสง
พรรคประชาธิปไตยใหม่,18,นายจิรโรจน์ มาลัยทองทิพย์
พรรคประชาธิปไตยใหม่,19,นางทองมัน ไชยพรม
พรรคประชาธิปไตยใหม่,20,นายบุญเถิง บุญดก
พรรคประชาธิปไตยใหม่,21,นายไพศาล ร่วมทอง
พรรคเพื่อไทย,1,ศาสตราจารย์ยศชนัน วงศ์สวัสดิ์
พรรคเพื่อไทย,2,นายจุลพันธ์ อมรวิวัฒน์
พรรคเพื่อไทย,3,นายสุริยะ จึงรุ่งเรืองกิจ
พรรคเพื่อไทย,4,นายไพโรจน์ โล่ห์สุนทร
พรรคเพื่อไทย,5,นายประเสริฐ จันทรรวงทอง
พรรคเพื่อไทย,6,นายจาตุรนต์ ฉายแสง
พรรคเพื่อไทย,7,นายชูศักดิ์ ศิรินิล
พรรคเพื่อไทย,8,นายสุทิน คลังแสง
พรรคเพื่อไทย,9,นายวิสุทธิ์ ไชยณรุณ
พรรคเพื่อไทย,10,นายสุชาติ ธาดาธำรงเวช
พรรคเพื่อไทย,11,นายสุชาติ ตันเจริญ
พรรคเพื่อไทย,12,นางสาวสุดาวรรณ หวังศุภกิจโกศล
พรรคเพื่อไทย,13,นายธงธรรม เวชยชัย
พรรคเพื่อไทย,14,นางสาวณัฐธิดา เทพสุทิน
พรรคเพื่อไทย,15,นายประยุทธ์ ศิริพานิชย์
พรรคเพื่อไทย,16,นายอดิศร เพียงเกษ
พรรคเพื่อไทย,17,นางสาวขัตติยา สวัสดิผล
พรรคเพื่อไทย,18,นายจักรภพ เพ็ญแข
พรรคเพื่อไทย,19,นายพงศ์กวิน จึงรุ่งเรืองกิจ
พรรคเพื่อไทย,20,นายมังกร ยนต์ตระกูล
พรรคเพื่อไทย,21,นายศึกษิษฎ์ ศรีจอมขวัญ
พรรคเพื่อไทย,22,นายดนุพร ปุณณกันต์
พรรคเพื่อไทย,23,นายชนินทร์ รุ่งธนเกียรติ
พรรคเพื่อไทย,24,นายก่อแก้ว พิกุลทอง
พรรคเพื่อไทย,25,นายเทวัญ ลิปตพัลลภ
พรรคเพื่อไทย,26,นายเกษม อุประ
พรรคเพื่อไทย,27,นางสาวละออง ติยะไพรัช
พรรคเพื่อไทย,28,นายวิรัตน์ มีนชัยนันท์
พรรคเพื่อไทย,29,นายอนุสรณ์ เอี่ยมสะอาด
พรรคเพื่อไทย,30,นายนิคม บุญวิเศษ
พรรคเพื่อไทย,31,นายรวิศ สอดส่อง
พรรคเพื่อไทย,32,นางสาวศรีญาดา ปาลิมาพันธ์
พรรคเพื่อไทย,33,นางสาวลิณธิภรณ์ วริณวัชรโรจน์
พรรคเพื่อไทย,34,นายวิชชา กลิ่นประทุม
พรรคเพื่อไทย,35,นายสุรเกียรติ เทียนทอง
พรรคเพื่อไทย,36,นางสาวกฤษณา สีหลักษณ์
พรรคเพื่อไทย,37,นายจิตติพจน์ วิริยะโรจน์
พรรคเพื่อไทย,38,นายต่อศักดิ์ อัศวเหม
พรรคเพื่อไทย,39,นายเชิดชัย ตันติศิรินทร์
พรรคเพื่อไทย,40,นายสิงหภณ ดีนาง
พรรคเพื่อไทย,41,นางสาวอนุตตมา อมรวิวัฒน์
พรรคเพื่อไทย,42,นายวิโชติ วัณโณ
พรรคเพื่อไทย,43,นายสหัสชัย อนันตเมฆ
พรรคเพื่อไทย,44,นางสาวอรวรรณ สมวงศ์
พรรคเพื่อไทย,45,นายเอกพร รักความสุข
พรรคเพื่อไทย,46,นายกล่ำคาน ปาทาน
พรรคเพื่อไทย,47,นายสยาม หัตถสงเคราะห์
พรรคเพื่อไทย,48,นายจรัล แก้วเป็ง
พรรคเพื่อไทย,49,นายทนุศักดิ์ เล็กอุทัย
พรรคเพื่อไทย,50,นายปุณยวัจน์ เหลืองวิจิตร
พรรคเพื่อไทย,51,นายประเมศฐ์ พิชญ์พันธ์เดชา
พรรคเพื่อไทย,52,นายกฤช เอื้อวงศ์
พรรคเพื่อไทย,53,นายคุณปิณ ติรณศักดิ์กุล
พรรคเพื่อไทย,54,นายสมคิด เชื้อคง
พรรคเพื่อไทย,55,นายจรูญ แสนพิมพ์
พรรคเพื่อไทย,56,นางสุภาภรณ์ คงวุฒิปัญญา
พรรคเพื่อไทย,57,นางญาณิกา เทียนทอง
พรรคเพื่อไทย,58,นายณณัฏฐ์ หงษ์ชูเวช
พรรคเพื่อไทย,59,พลตำรวจตรี ธรรมนูญ มั่นคง
พรรคเพื่อไทย,60,นายตติยภัทร์ ปิติเศรษฐพันธุ์
พรรคเพื่อไทย,61,นายรวีภัทร์ จิรศักดิ์วัฒนา
พรรคเพื่อไทย,62,นายเมธาพัฒน์ ศรีมนัส
พรรคเพื่อไทย,63,นายจาตุรนต์ นกขมิ้น
พรรคเพื่อไทย,64,นายเกชา ศักดิ์สมบูรณ์
พรรคเพื่อไทย,65,นายฉัตริน จันทร์หอม
พรรคเพื่อไทย,66,นายธนประเสริฐ จันทรักษารังษี
พรรคเพื่อไทย,67,นายธิติวัฐ อดิศรพันธ์กุล
พรรคเพื่อไทย,68,นางสาวนภาดา เพ็ชร์จินดา
พรรคเพื่อไทย,69,นางนลินี ทวีสิน
พรรคเพื่อไทย,70,นายนิทัศน์ ศรีนนท์
พรรคเพื่อไทย,71,นายบรรจง ยางยืน
พรรคเพื่อไทย,72,นางสาวปนันรัตน์ วิริยะกุลศานต์
พรรคเพื่อไทย,73,นายพิพัฒน์ชัย ไพบูลย์
พรรคเพื่อไทย,74,นายพีรวิชญ์ ขันติสุข
พรรคเพื่อไทย,75,นายภูวเดช นพฤทธิ์
พรรคเพื่อไทย,76,นายวิเชียร ขาวขำ
พรรคเพื่อไทย,77,นางสาวศลิษา เลิศชวัลรัชต์
พรรคเพื่อไทย,78,นางศุภรดา เลาหพงศ์ชนะ
พรรคเพื่อไทย,79,นางณริยา บุญเสรฐ
พรรคเพื่อไทย,80,นางสาวสกาวใจ พูนสวัสดิ์
พรรคเพื่อไทย,81,นายสุรชัย เบ้าจรรยา
พรรคเพื่อไทย,82,นางสุรภี รุ้งโรจน์
พรรคเพื่อไทย,83,นางอนงค์ ล่อใจ
พรรคเพื่อไทย,84,นายอิสรา สุจารี
พรรคเพื่อไทย,85,นายอุทัย ทัพอาสา
พรรคเพื่อไทย,86,นายอุเมสนัส ปานเดย์
พรรคเพื่อไทย,87,นายผ่านภพ รักตพงศ์ไพศาล
พรรคเพื่อไทย,88,นายนรวิชญ์ หล้าแหล่ง
พรรคเพื่อไทย,89,นายพลนชชา จักรเพ็ชร
พรรคเพื่อไทย,90,นายสุทธิเกียรติ วีระกิจพานิช
พรรคเพื่อไทย,91,ร้อยเอกหญิง ภัทร์ดารัสม์ ทองสลวยกร
พรรคเพื่อไทย,92,นายพงศ์ศรัณย์ อัศวชัยโสภณ
พรรคเพื่อไทย,93,นายเผ่าภูมิ โรจนสกุล
พรรคเพื่อไทย,94,นายสงคราม กิจเลิศไพโรจน์
พรรคเพื่อไทย,95,นางสาวธีราภา ไพโรหกุล
พรรคเพื่อไทย,96,นายพิชัย นริพทะพันธุ์
พรรคเพื่อไทย,97,นายชัย วัชรงค์
พรรคเพื่อไทย,98,นายจักรพงษ์ แสงมณี
พรรคเพื่อไทย,99,นายสมศักดิ์ เทพสุทิน
พรรคเพื่อไทย,100,นายภูมิธรรม เวชยชัย
พรรคทางเลือกใหม่,1,นายราเชน ตระกูลเวียง
พรรคทางเลือกใหม่,2,นายสรสินธุ ไตรจักรภพ
พรรคทางเลือกใหม่,3,นายมงคลกิตติ์ สุขสินธารานนท์
พรรคทางเลือกใหม่,4,นายสิทธิศักดิ์ พัฒนชัย
พรรคทางเลือกใหม่,5,นายบุญเลิศ สืบเสนาะ
พรรคทางเลือกใหม่,6,นางสาวภคอร จันทรคณา
พรรคทางเลือกใหม่,7,นางธนิดา บุณยก้องภพ
พรรคทางเลือกใหม่,8,นายยงยุทธ พัฒนชัย
พรรคทางเลือกใหม่,9,นายสรกฤช จันทรคณา
พรรคทางเลือกใหม่,10,นายวัฒนา สพสมัย
พรรคทางเลือกใหม่,11,นายภัทรธนาวัฒย์ สาลีรัชตะธรรม
พรรคทางเลือกใหม่,12,นายประยงค์ อันไขหน้า
พรรคทางเลือกใหม่,13,ว่าที่ร้อยเอก ไกรภพ นครชัยกุล
พรรคทางเลือกใหม่,14,นายถวิล สีม่วง
พรรคทางเลือกใหม่,15,นายยรรยง ศรีฟ้า
พรรคทางเลือกใหม่,16,นายศักดิ์นันท์ บุญเพ็ชร
พรรคทางเลือกใหม่,17,นายรพี ขาวทอง
พรรคทางเลือกใหม่,18,นางนลินธรณ์ เชาว์นิธิศรีกุล
พรรคทางเลือกใหม่,19,นายอัศวิน รัชฎานนท์
พรรคทางเลือกใหม่,20,ว่าที่ร้อยเอก ชนะโชค บุญศล
พรรคเศรษฐกิจ,1,นายคริส โปตระนันทน์
พรรคเศรษฐกิจ,2,นายพีรพล กนกวลัย
พรรคเศรษฐกิจ,3,นางสาวอังสณา เนียมวณิชกุล
พรรคเศรษฐกิจ,4,พลตำรวจตรี ไพบูลย์ มะระพฤกษ์วรรณ
พรรคเศรษฐกิจ,5,
พรรคเศรษฐกิจ,6,นายส่งศักดิ์ ฉัตรชูสกุล
พรรคเศรษฐกิจ,7,นายณัชพล สุพัฒนะ
พรรคเศรษฐกิจ,8,นายกอบชัย เปี่ยมเพชรกุล
พรรคเศรษฐกิจ,9,นายศรัทธา คชพลายุกต์
พรรคเศรษฐกิจ,10,พลเอก รังษี กิติญาณทรัพย์
พรรคเศรษฐกิจ,11,นายวรินทร อัศนีวุฒิกร
พรรคเศรษฐกิจ,12,นางนงเยาว์ วราโชติเศรษฐ์
พรรคเศรษฐกิจ,13,นายจิณณฉัตร อริยสวโรจน์
พรรคเศรษฐกิจ,14,นางปนัดดา ลีลาอุดมลิปิ
พรรคเศรษฐกิจ,15,นายจุฬาบุตร ค้าทันเจริญ
พรรคเศรษฐกิจ,16,นายนรวิชญ์ อูนากูล
พรรคเศรษฐกิจ,17,นางสาวธีร์ลดา ธีราวัชรเศรษฐ์
พรรคเศรษฐกิจ,18,นายปวัน เลิศพยับ
พรรคเศรษฐกิจ,19,พันตำรวจเอก ชาติพรรณ โชติช่วง
พรรคเศรษฐกิจ,20,นายภูมิพงศ์ จงสกุล
พรรคเศรษฐกิจ,21,พลเอก ชัยชนะ นาคเกิด
พรรคเศรษฐกิจ,22,นายไพศาล เชิดชู
พรรคเศรษฐกิจ,23,ว่าที่ร้อยตรี ธวีพงษ์ สิทธิธัญกิจ
พรรคเศรษฐกิจ,24,นายพันธพัฒน์ คุ้มวิเชียร
พรรคเศรษฐกิจ,25,นายศักดินา รักอุดมการณ์
พรรคเศรษฐกิจ,26,นายอิทธิศักดิ์ สันต์ธัญฐิฐ
พรรคเศรษฐกิจ,27,นางรัชนี ยิ่งฉายรักษ์
พรรคเศรษฐกิจ,28,พลตรี ฉัตรมงคล เกิดปั้น
พรรคเศรษฐกิจ,29,นายสวาท สุทธิอาคาร
พรรคเศรษฐกิจ,30,นายเขมธนวัฒน์ ชูชาติวงศ์สกุล
พรรคเศรษฐกิจ,31,นายจิรวัฒน์ สมบูรณ์สาร
พรรคเศรษฐกิจ,32,นายไสว ทัศนีย์ภาพ
พรรคเศรษฐกิจ,33,นาวาโท สุปัญญา จันทร์เพ็ญศรี
พรรคเศรษฐกิจ,34,นายคงธัช เตชะวิเชียร
พรรคเศรษฐกิจ,35,นายสกนธ์ อาภาภรณ์กุล
พรรคเศรษฐกิจ,36,นายฐณวัฒน์ เขื่อนวงค์วิน
พรรคเศรษฐกิจ,37,นางสาวผ่องศรี ชาญตระกูลทวี
พรรคเศรษฐกิจ,38,นายสรรเสริญ บุญเกษม
พรรคเศรษฐกิจ,39,นายกฤษติเดช จันทร์งาม
พรรคเศรษฐกิจ,40,นายสิทธิโชค คล้อยแสงอาทิตย์
พรรคเศรษฐกิจ,41,นายไพฑูรย์ หอมกลุ่น
พรรคเศรษฐกิจ,42,นายกาญจนพฤก มาสดใส
พรรคเศรษฐกิจ,43,นายกานนท์ แสนเภา
พรรคเศรษฐกิจ,44,นายณัฐวัชร จันทโรธรณ์
พรรคเศรษฐกิจ,45,ดาบตำรวจ ชิษณุชา สะมะเหตุ
พรรคเศรษฐกิจ,46,นายพิพัฒน์ วิญโก
พรรคเศรษฐกิจ,47,นายศุภชัย วันอ้น
พรรคเศรษฐกิจ,48,นายอานนท์ กระบอกโท
พรรคเศรษฐกิจ,49,นายวุฒิไกร ศรีจันไชย
พรรคเศรษฐกิจ,50,นายหมวดตรี พิชิตชัย รัชตามพร
พรรคเศรษฐกิจ,51,นายณัฐกฤช อยู่มั่นธรรมา
พรรคเศรษฐกิจ,52,นางสาวพรลภัส ตั้งจตุรงค์ไพศาล
พรรคเศรษฐกิจ,53,นาวาเอก ปริญ ไชยเสวกวี
พรรคเศรษฐกิจ,54,นายประชา โพธิ์ศรี
พรรคเศรษฐกิจ,55,พันตำรวจเอก พิทักษ์ เอียดแก้ว
พรรคเศรษฐกิจ,56,พลเอก สาละวิน อุทรักษ์
พรรคเศรษฐกิจ,57,นายจักรกฤษณ์ ยั่งยืน
พรรคเศรษฐกิจ,58,นายศุภณัฐ วุฒิพันธ์
พรรคเศรษฐกิจ,59,นายกฤษณทัสค์ ทำไหมธาราสีห์
พรรคเศรษฐกิจ,60,นายธนารัชต์ สมคเณ
พรรคเศรษฐกิจ,61,นายสมนึก สุชัยธนาวนิช
พรรคเศรษฐกิจ,62,นายประกาสิต เลิศมุกดา
พรรคเศรษฐกิจ,63,นายธนโชติ แสงวิมาน
พรรคเสรีรวมไทย,1,พลตำรวจเอก เสรีพิศุทธ์ เตมียเวส
พรรคเสรีรวมไทย,2,นายวิรัตน์ วรศสิริน
พรรคเสรีรวมไทย,3,นายศุภชัย นาคสุวรรณ์
พรรคเสรีรวมไทย,4,นางสาวเกศศิริ เรื่องกาญจนเศรษฐ์
พรรคเสรีรวมไทย,5,นางสาวกฤตทัศชญา ดิษฐเนตร
พรรคเสรีรวมไทย,6,นายสมชาย เลี้ยงสว่าง
พรรคเสรีรวมไทย,7,นายไตรรงค์ ตันทสุข
พรรคเสรีรวมไทย,8,นายทฤษฎี ทวีผล
พรรคเสรีรวมไทย,9,นางสาวพิมพ์ประภัทร สกุลภัทร์เตซิน
พรรคเสรีรวมไทย,10,นายอิทธิกร สุวะมาตย์
พรรคเสรีรวมไทย,11,นายโอภาส อาลมิสรี
พรรคเสรีรวมไทย,12,นายกฤษดา อุทรักษ์
พรรคเสรีรวมไทย,13,นายชยุต เหลาวิจิตร
พรรคเสรีรวมไทย,14,นายกฤษณา ศรีแจ่ม
พรรคเสรีรวมไทย,15,นายทองคำ สิทธิวาลัย
พรรคเสรีรวมไทย,16,นายกรรณ เจียมเจริญ
พรรคเสรีรวมไทย,17,นางลัพธวรรณ สุขเจริญทรัพย์
พรรคเสรีรวมไทย,18,นายกิตติคุณ สิงทัน
พรรคเสรีรวมไทย,19,นายครรชิตพล พรมชาติ
พรรคเสรีรวมไทย,20,นายโกวิทย์ ลีลา
พรรคเสรีรวมไทย,21,นางสาวสุพิชญา สุวรรณโสภา
พรรคเสรีรวมไทย,22,นางสาวสุดใจ เอี่ยมสะอาด
พรรคเสรีรวมไทย,23,นายสมนึก ภูวศานต์
พรรคเสรีรวมไทย,24,พันตำรวจโท วิบูลย์ อุ่นนันกาศ
พรรคเสรีรวมไทย,25,นายพิชญ์ชนกนันท์ ภวภูรีนนท์
พรรคเสรีรวมไทย,26,นายพุทธา หริคำภา
พรรคเสรีรวมไทย,27,นายนนทวัฒน์ โต๊ะหนู
พรรคเสรีรวมไทย,28,ร้อยตำรวจเอก อภินันท์ ศรีปัญญา
พรรคเสรีรวมไทย,29,นายนินนารถ ศรคำ
พรรคเสรีรวมไทย,30,พันตำรวจโท สมบูรณ์ จันโท
พรรคเสรีรวมไทย,31,นายพิเชษฐ์ ศรีสดใส
พรรคเสรีรวมไทย,32,นางสาวปัณฑิกา ไชโยแสง
พรรคเสรีรวมไทย,33,นายเจริญพงศ์ มาชู
พรรคเสรีรวมไทย,34,พันตำรวจโท คเน เนตรกูล
พรรคเสรีรวมไทย,35,นายชาญธาดา ปวินท์ธนาธร
พรรคเสรีรวมไทย,36,นายวิภัชภณ สุธากุล
พรรคเสรีรวมไทย,37,นางวิลาสินี โสวิชัย
พรรคเสรีรวมไทย,38,นายนิติ หาญชนะ
พรรคเสรีรวมไทย,39,นายประสาน ศิริชัยคีรีโกศล
พรรคเสรีรวมไทย,40,นางสาวฐิติพร มั่นยืน
พรรคเสรีรวมไทย,41,นางอุบลวรรณ ชินโสม
พรรคเสรีรวมไทย,42,นายกฤตกร ทองจันทร์
พรรคเสรีรวมไทย,43,นายยิ่งศักดิ์ แพงจันทร์ศรี
พรรครวมพลังประชาชน,1,นายอภิวิชญญ์ ทิพย์รัตน์
พรรครวมพลังประชาชน,2,นายภาคภูมิ สามพรานไพบูลย์
พรรครวมพลังประชาชน,3,นางสาวชัญญพัชร์ โมอินทร์
พรรครวมพลังประชาชน,4,นางสาววิไล คุ้มเจริญ
พรรครวมพลังประชาชน,5,นายสำเริง การเสถียร
พรรครวมพลังประชาชน,6,นายสหพัฒน เพ็งเรือง
พรรครวมพลังประชาชน,7,นายเฉลิมพล อุตรัตน์
พรรครวมพลังประชาชน,8,นายราษฎร์พิชิต นาคประดิษฐ์
พรรครวมพลังประชาชน,9,นายฉลองชัย ไร่พุทธา
พรรครวมพลังประชาชน,11,นางสาวเสอะเยียเบ่อ งามยิ่ง
พรรครวมพลังประชาชน,12,นายนิติพงษ์ ปัญญาดิษฐวงษ์
พรรคท้องที่ไทย,1,นายบัญชา เดชเจริญศิริกุล
พรรคท้องที่ไทย,2,นายศรัณยพงษ์ วงษ์นาคพงษ์
พรรคท้องที่ไทย,3,นายพัฒนา รัตนพันธ์
พรรคท้องที่ไทย,4,นายโสภณ สุวัฒนพิมพ์
พรรคท้องที่ไทย,5,นายอรรถษิธ ชื่นสงวน
พรรคท้องที่ไทย,6,นายทนงศักดิ์ ศิริรัตน์
พรรคท้องที่ไทย,7,ร้อยตำรวจเอก สมพร นนท์จันทร์
พรรคท้องที่ไทย,8,นายสมุทร นาคปานเสือ
พรรคอนาคตไทย,1,นายประวัติ เทียนขุนทด
พรรคพลังเพื่อไทย,1,นายเอกวรพงศ์ อำนวยทรัพย์
พรรคพลังเพื่อไทย,2,นายภูมิพัฒน์ ถิรพัฒน์ภูวัต
พรรคพลังเพื่อไทย,3,นางสาวจีรินันท์ ธนบดีโชติวัฒน์
พรรคพลังเพื่อไทย,4,นางสาวปิยรัช อารยเมธาเลิศ
พรรคไทยชนะ,1,นายจักรพงศ์ ชื่นดวง
พรรคไทยชนะ,2,นายฐานวัฒน์ วิบูลย์ธนสาร
พรรคไทยชนะ,3,นายโกศล หกสุวรรณ
พรรคไทยชนะ,4,นายประสงค์ แก้ววิจิตร
พรรคไทยชนะ,5,นายวสันต์ นุ้ยภิรมย์
พรรคไทยชนะ,6,นายธนากร เศรษฐพินิจ
พรรคไทยชนะ,7,นายประวีร์ จินดาวรรณ
พรรคไทยชนะ,8,นางสาวเกศมณี ไชยา
พรรคไทยชนะ,9,พันตำรวจเอก สามารถ ตู้จินดา
พรรคไทยชนะ,10,พลเรือโท เจียมศักดิ์ จันทร์เสนา
พรรคไทยชนะ,11,นายณพล บริบูรณ์
พรรคไทยชนะ,12,พลเอก ธีระ กรใหม่
พรรคไทยชนะ,13,นายประเสริฐ ป้ากระโทก
พรรคไทยชนะ,14,นายชนะศึก ศรีนุ่นวิเชียร
พรรคไทยชนะ,15,พันตำรวจเอก สุเทพ สัตถาผล
พรรคไทยชนะ,16,พันตำรวจเอก พิษณุ พรานพนัส
พรรคไทยชนะ,17,นายธวัช พิมพ์ใจชน
พรรคไทยชนะ,18,นายอุทิศ กุลน้อย
พรรคไทยชนะ,19,นายวีรวงศ์ เบ็ญจมาศ
พรรคไทยชนะ,20,นายชญาศักดิ์ พูลทรัพย์
พรรคไทยชนะ,21,นายสนิท จันทร์โสด
พรรคไทยชนะ,22,นายสุรชัย ศรีด้วง
พรรคไทยชนะ,23,นายศิริพงศ์ คุ้มพะเนียด
พรรคไทยชนะ,24,นายกันต์พงษ์ วิเลิศศักดิ์
พรรคไทยชนะ,25,นายธนพัฒน์ ปฏิกา
พรรคไทยชนะ,26,นายอดิเรก บุญคง
พรรคไทยชนะ,27,นายศิริวุฒิ ตู้จินดา
พรรคไทยชนะ,28,นายไชยยงค์ รัตนวัน
พรรคพลังสังคมใหม่,1,นายรุ่งโรจน์ ขจรพงศ์กีรติ
พรรคพลังสังคมใหม่,2,นายอภิภู พีรภูรินท์
พรรคพลังสังคมใหม่,3,ร้อยโท วิชัย รักบิดา
พรรคพลังสังคมใหม่,4,นายวรพล เตชะธิ
พรรคสังคมประชาธิปไตยไทย,1,นายสาวิทย์ แก้วหวาน
พรรคสังคมประชาธิปไตยไทย,2,นายไพฑูรย์ บางหรง
พรรคสังคมประชาธิปไตยไทย,3,นางสาวณีรนุช จิตต์สม
พรรคสังคมประชาธิปไตยไทย,4,นายสุวิช ศุมานนท์
พรรคสังคมประชาธิปไตยไทย,5,นายเวนิช ปู่วงษ์
พรรคสังคมประชาธิปไตยไทย,6,นายณัฐวัตร หวังสุดดี
พรรคสังคมประชาธิปไตยไทย,7,นายสมพร ขวัญเนตร
พรรคสังคมประชาธิปไตยไทย,8,นางสาวเสน่ห์ หงษ์ทอง
พรรคฟิวชัน,1,ว่าที่ร้อยตรี กิตติพัทธ์ เลี้ยงประเสริฐ
พรรคฟิวชัน,2,นายพิทักษ์ สันติวงษ์สกุล
พรรคฟิวชัน,3,นายกฤตภัค นิมะบุตร
พรรคฟิวชัน,4,นายสิทธิพร ศรีประสงค์
พรรคฟิวชัน,5,นายโสภณพงศ์ เหตานุรักษ์
พรรคฟิวชัน,6,นายเอกศักดิ์ เมืองแก้ว
พรรคฟิวชัน,7,นายสนั่น บุญเลิศ
พรรคฟิวชัน,8,นายวัชรินทร์ วิชิตยุทธภูมิ
พรรคฟิวชัน,9,นายสมชาติ อ่อนประดิษฐ์
พรรคฟิวชัน,10,นายเสรี ชัยแก้วทองมาก
พรรคฟิวชัน,11,นายพิมล ทองสีมาก
พรรคฟิวชัน,12,นางศุภกร บริสุทธิ์
พรรคฟิวชัน,13,นางมลชญา วารีรัตน์
พรรคไทรวมพลัง,1,นายวสวรรธน์ พวงพรศรี
พรรคไทรวมพลัง,2,นายกิติกร หุ้นส่วน
พรรคไทรวมพลัง,3,นายอนุรักษ์ นรษี
พรรคไทรวมพลัง,4,นายฉลอง วิเชียรแก้ว
พรรคไทรวมพลัง,5,นายสราวุธ คาน
พรรคไทรวมพลัง,6,นายเดโช พรหมชิต
พรรคไทรวมพลัง,7,นายต่วนเซะ มือฆะ
พรรคไทรวมพลัง,8,นายสิงหา ไกรวงศ์
พรรคไทรวมพลัง,9,นายชลกฤต สาตราคม
พรรคไทรวมพลัง,10,นายภูรัชช์ แก้วกันหา
พรรคไทรวมพลัง,11,นายวรวุฒิ ตั้งประดิษฐ
พรรคไทรวมพลัง,12,นายวิทูร หาทอง
พรรคไทรวมพลัง,13,นายสมศักดิ์ พิมพ์พัฒน์
พรรคไทรวมพลัง,14,นายอรทัย บุตรษาเดช
พรรคไทรวมพลัง,15,นายอรุณ ทิมา
พรรคก้าวอิสระ,1,นางสาวกชพร เวโรจน์
พรรคก้าวอิสระ,2,นายชาญชัย โตพฤกษา
พรรคก้าวอิสระ,3,นายนิเวศน์ สุแก้ว
พรรคก้าวอิสระ,4,นายกิตติวินท์ แก้วคำมา
พรรคก้าวอิสระ,5,นายอำนาจ โพธิ์กรุณา
พรรคก้าวอิสระ,6,นายรัชทร พรหมราช
พรรคก้าวอิสระ,7,นางนัยนา วงศ์จรรยา
พรรคก้าวอิสระ,8,นายอัครเดช สุระจินดา
พรรคก้าวอิสระ,9,นางสาวจิณฑ์ธนัชชา พงสินณัชศุภธร
พรรคก้าวอิสระ,10,นายรุ่งโรจน์ รุ่งณรงค์รักษ์
พรรคก้าวอิสระ,11,นายปิยะวัฒน์ รัตนหรูวิจิตร
พรรคก้าวอิสระ,12,นายเดชา อยู่หว่าง
พรรคก้าวอิสระ,13,นายไพโรจน์ อัครหิรัญภักดิ์
พรรคก้าวอิสระ,14,นายอิศราชัย เจริญกิจวิวัฒน์
พรรคก้าวอิสระ,15,นายนเรศร์ เกิดดี
พรรคปวงชนไทย,1,นายเอกสิทธิ์ คุณานันทกุล
พรรคปวงชนไทย,2,นายวิทยา ติรณะประกิจ
พรรคปวงชนไทย,3,นายภูชิสส์ ศรีเจริญ
พรรคปวงชนไทย,4,นายสมบูรณ์ บุญยรัตนประภา
พรรคปวงชนไทย,5,นายพันธุ์ศักดิ์ ชาบุ
พรรคปวงชนไทย,6,นายวรฐ สุนทรนนท์
พรรคปวงชนไทย,7,นางสาวธัญลักษณ์ ศรีทา
พรรคปวงชนไทย,8,นายวิรัตน์ ลีรุ่งเรือง
พรรคปวงชนไทย,9,นายประจักษ์ จันทร์เดช
พรรคปวงชนไทย,10,นายเอกภณ วรรณกิจ
พรรคปวงชนไทย,11,นางสาวสวลักษณ์ วิจิตรวิกรม
พรรคปวงชนไทย,12,นายไมตรี รุ่งอภิญญา
พรรคปวงชนไทย,13,นายวุฒิเดช ทองพูล
พรรคปวงชนไทย,14,นางวราภรณ์ เฉลิมจักร์
พรรคปวงชนไทย,15,นายเชิดชัย สังเกตกิจ
พรรคปวงชนไทย,16,นายธนินท์รัฐ ภักดีภิญโญ
พรรคปวงชนไทย,17,นายนิติรุจน์ รุ่งสิริเรื่องยศ
พรรคปวงชนไทย,18,นายธีรวัฒน์ จันทร์แจ้ง
พรรคปวงชนไทย,19,นายเจนศักดิ์ วิชาวุฒิพงษ์
พรรคปวงชนไทย,20,นายฐานุพงศ์ ศักดิ์ธนาวัฒน์
พรรคปวงชนไทย,21,นายกัมปนาท จิราภรรคกุล
พรรคปวงชนไทย,22,นายวชิรชัย คงชัย
พรรคปวงชนไทย,23,นายธนวิชญ์ พานแก้ว
พรรคปวงชนไทย,24,นายชำนาญ เผือกวัฒนะ
พรรคปวงชนไทย,25,นายวิริยะ อินพานิช
พรรคปวงชนไทย,26,นายพร้อมพณ ทินวงศ์
พรรคปวงชนไทย,27,นางสาวอัญพัชร์ ศักดิ์ธนาวัฒน์
พรรคปวงชนไทย,28,นายวันชัย เอนกสุวรรณกุล
พรรคปวงชนไทย,29,นายวิเชียร ศรีสุด
พรรคปวงชนไทย,30,พันเอก ปรีชา ทองเต็ม
พรรคปวงชนไทย,31,นายกำแหง ตันกำแหง
พรรคปวงชนไทย,32,พันตำรวจเอก ประพนธ์ ไกรประยูร
พรรคปวงชนไทย,33,นายธฤญเดชา ลิภา
พรรคปวงชนไทย,34,นายอิทธิกร เล่นวารี
พรรคปวงชนไทย,35,นายอาณัติ วัชรางกูร ณ เชียงใหม่
พรรคปวงชนไทย,36,นางสาวณัฐธร หิรัญกุลโชติ
พรรคปวงชนไทย,37,นายภราดร ใจจำนงค์
พรรคปวงชนไทย,38,นายอรุณเดช มารัตน์
พรรคปวงชนไทย,39,นายปฐมพล สาระรัตน์
พรรคปวงชนไทย,40,นายกาศ ประกาศสิริ เจริญพระสิริ
พรรคปวงชนไทย,41,นางสาวอังคณา เจริญพระสิริ
พรรควิชชั่นใหม่,1,นายพิเชษฐ สถิรชวาล
พรรควิชชั่นใหม่,2,นายกิตติพงษ์ เทียมสุวรรณ
พรรควิชชั่นใหม่,3,นายสุโท สร้างคำ
พรรควิชชั่นใหม่,4,นายชนพัฒน์ โภคาเจริญเกียรติ
พรรควิชชั่นใหม่,5,นางสาวชนัญชิดา กั่ววิจารย์
พรรควิชชั่นใหม่,6,นายธัชกรพงศ์ กีรติสิงห์ช่วย
พรรควิชชั่นใหม่,7,นายพลวิทย์ ศรียานนท์
พรรควิชชั่นใหม่,8,นายชิษณุพงศ์ รัตนพันธ์
พรรควิชชั่นใหม่,9,นายอดุลย์ ดาวเรือง
พรรควิชชั่นใหม่,10,พลเอก โชติอนันต์ปรีชา ทรัพย์หิรัญ
พรรควิชชั่นใหม่,11,นายรุ่งโรจน์ อิบรอฮีม
พรรควิชชั่นใหม่,12,นายเดชาโชติ ธีรธันยรัก
พรรควิชชั่นใหม่,13,นายเกียรติภูมิ ม่วงงาม
พรรควิชชั่นใหม่,14,นายธัชกร มหัตเดชกุล
พรรควิชชั่นใหม่,15,นายมนัส ดาโอะ
พรรควิชชั่นใหม่,16,นายกิติพัฒน์ โฆษิตวุทธิ์
พรรควิชชั่นใหม่,17,นายนิคม วงษ์ดินดำ
พรรควิชชั่นใหม่,18,นายสุวิชย์ คำแหล้
พรรควิชชั่นใหม่,19,นายประเทือง เจริญรัมย์
พรรควิชชั่นใหม่,20,นายณฐภัทรพล เอียดขาว
พรรควิชชั่นใหม่,21,นายบรรหาญ สิงคิบุตร
พรรควิชชั่นใหม่,22,นายสายันต์ สายเจียง
พรรควิชชั่นใหม่,23,นายนิพนธ์ พึ่งโพธิ์
พรรควิชชั่นใหม่,24,นายธีระธนา ด่านพงษ์
พรรควิชชั่นใหม่,25,นางสาวกำแพงเพชร บุญมาก
พรรควิชชั่นใหม่,26,นายโอภาส กิติคุณ
พรรควิชชั่นใหม่,27,นายประดิษฐ คำใหล
พรรควิชชั่นใหม่,28,นายวินัย วงศ์สุวรรณ
พรรคเพื่อชีวิตใหม่,1,นายทองประเสริฐ จันทรอัมพร
พรรคเพื่อชีวิตใหม่,2,นายธวัช ชลารักษ์
พรรคเพื่อชีวิตใหม่,3,นายมาหะมะนาเซ ฮีลูมา
พรรคเพื่อชีวิตใหม่,4,นายสอาด คงอิ่ม
พรรคคลองไทย,1,นายสายัณห์ อินทรภักดิ์
พรรคคลองไทย,2,นายกิจการ ศรีพระพร
พรรคคลองไทย,3,นางสาวปรียาภรณ์ คงผอม
พรรคคลองไทย,4,นางศศิธร ช่วยศรีนวล
พรรคคลองไทย,5,นางสาวเบญญาภา วงษ์แหวน
พรรคคลองไทย,6,นางวัลลดา บังกาวงศ์
พรรคคลองไทย,7,นางส้าหลี้เฝาะ โต๊ะหลี
พรรคคลองไทย,8,นายชัยชนะ ดวงปูนันท์
พรรคคลองไทย,9,นายวรชิต สังข์เสวี
พรรคคลองไทย,10,นายซูลถือระนัย หะระตี
พรรคคลองไทย,11,ร้อยตรี เดช พันธุ์ไร่
พรรคคลองไทย,12,นางสาวมณฑิชา รัตนหิรัญ
พรรคคลองไทย,13,นายอามาน ลีมะ
พรรคคลองไทย,14,นายสมศักดิ์ มือเพ็ชร
พรรคคลองไทย,15,นายอาวุธ อาจหาญ
พรรคคลองไทย,16,นายอัยวัฒน์ ชื่นภาณุวัฒน์
พรรคประชาธิปัตย์,1,นายอภิสิทธิ์ เวชชาชีวะ
พรรคประชาธิปัตย์,2,นายชวน หลีกภัย
พรรคประชาธิปัตย์,3,นายกรณ์ จาติกวณิช
พรรคประชาธิปัตย์,4,นางการดี เลียวไพโรจน์
พรรคประชาธิปัตย์,5,นายชัยวุฒิ บรรณวัฒน์
พรรคประชาธิปัตย์,6,นายอัมพร พินะสา
พรรคประชาธิปัตย์,7,นายสาทิตย์ วงศ์หนองเตย
พรรคประชาธิปัตย์,8,นายชัยชนะ เดชเดโซ
พรรคประชาธิปัตย์,9,นายสกลธี ภัททิยกุล
พรรคประชาธิปัตย์,10,นางรัดเกล้า อินทวงศ์ สุวรรณคีรี
พรรคประชาธิปัตย์,11,นายอิสรา สุนทรวัฒน์
พรรคประชาธิปัตย์,12,นายสงกรานต์ จิตสุทธิภากร
พรรคประชาธิปัตย์,13,นายเมฆนทร์ เอี่ยมสอาด
พรรคประชาธิปัตย์,14,นายจุรินทร์ ลักษณวิศิษฎ์
พรรคประชาธิปัตย์,15,นางเจิมมาศ จึงเลิศศิริ
พรรคประชาธิปัตย์,16,นายสาธิต ปิตุเตชะ
พรรคประชาธิปัตย์,17,นายองอาจ คล้ามไพบูลย์
พรรคประชาธิปัตย์,18,นายราเมศ รัตนะเชวง
พรรคประชาธิปัตย์,19,นายนิพิฏฐ์ อินทรสมบัติ
พรรคประชาธิปัตย์,20,นางกันตวรรณ ตันเถียร
พรรคประชาธิปัตย์,21,นายเจะอามิง โตะตาหยง
พรรคประชาธิปัตย์,22,นายสามารถ ราชพลสิทธิ์
พรรคประชาธิปัตย์,23,นายสุทัศน์ เงินหมื่น
พรรคประชาธิปัตย์,24,นายชนินทร์ รุ่งแสง
พรรคประชาธิปัตย์,25,นางสาวรังสิมา รอดรัศมี
พรรคประชาธิปัตย์,26,นายธนิตพล ไชยนันทน์
พรรคประชาธิปัตย์,27,นายสามารถ ลอยฟ้า
พรรคประชาธิปัตย์,28,นายอรรถพล สังขวาสี
พรรคประชาธิปัตย์,29,นายไชยยศ จิรเมธากร
พรรคประชาธิปัตย์,30,นางรัชฎาภรณ์ แก้วสนิท
พรรคประชาธิปัตย์,31,นายสมบูรณ์ อุทัยเวียนกุล
พรรคประชาธิปัตย์,32,นายเจือ ราชสีห์
พรรคประชาธิปัตย์,33,นายไพเจน มากสุวรรณ์
พรรคประชาธิปัตย์,34,นายศุภชัย ศรีหล้า
พรรคประชาธิปัตย์,35,นางสาวพิมพ์รพี พันธุ์วิชาติกุล
พรรคประชาธิปัตย์,36,นายประชา ยอดวานิช
พรรคประชาธิปัตย์,37,นายสัมพันธ์ ตั้งเบญจผล
พรรคประชาธิปัตย์,38,นายชายพงษ์ นิยมกิจ
พรรคประชาธิปัตย์,39,นายสุรบถ หลีกภัย
พรรคประชาธิปัตย์,40,นางสาวณัฏฐา ปิ่นนัดดา วสันตสิงห์
พรรคประชาธิปัตย์,41,นายเกษมสุข บุญเจริญ
พรรคประชาธิปัตย์,42,นายชลภัฏ จาตุรงคกุล
พรรคประชาธิปัตย์,43,นายสุทธิ ปัญญาสกุลวงศ์
พรรคประชาธิปัตย์,44,นายธนน เวชกรกานนท์
พรรคประชาธิปัตย์,45,นางมณทิพย์ ศรีรัตนา
พรรคประชาธิปัตย์,46,พลตำรวจโท วรายุทธ สุขวัฒน์
พรรคประชาธิปัตย์,47,นายจิรวัฒน์ จังหวัด
พรรคประชาธิปัตย์,48,นางสาวปทิตตา ไชยปาน
พรรคประชาธิปัตย์,49,นางฮูวัยดีต๊ะ พิศสุวรรณ อุเซ็ง
พรรคประชาธิปัตย์,50,นายรุจชรินทร์ ทองใหญ่
พรรคประชาธิปัตย์,51,นางขนิษฐา นิภาเกษม
พรรคประชาธิปัตย์,52,นายสมศักดิ์ โมรีชาติ
พรรคประชาธิปัตย์,53,นางสาวชมพูนุท นาครทรรพ
พรรคประชาธิปัตย์,54,นายดนุช ตันเทอดทิตย์
พรรคประชาธิปัตย์,55,นายวิวัฒน์ กิตติพรพานิช
พรรคประชาธิปัตย์,56,พลเอก บุญเลิศ แก้วประสิทธิ์
พรรคประชาธิปัตย์,57,นายณัฐวุฒิ ภารพบ
พรรคประชาธิปัตย์,58,นายภูริทัต รัตนพาหุ
พรรคประชาธิปัตย์,59,นางสาวกุลชยา เต็มชวาลา
พรรคประชาธิปัตย์,60,นางสาวเปี่ยมสุข เมนะเศวต
พรรคประชาธิปัตย์,61,พันตำรวจเอก รัฐศักดิ์ รักสลาม
พรรคประชาธิปัตย์,62,นางนฤมล รัตนาภิบาล
พรรคประชาธิปัตย์,63,นางสาวศณิศา จิรเสวีนุประพันธ์
พรรคประชาธิปัตย์,64,นายวิชิต กลิ่นทอง
พรรคประชาธิปัตย์,65,นายสิทธิชัย จรานุพันธ์
พรรคประชาธิปัตย์,66,นางสุรภา ประยงค์ระวิกูล
พรรคประชาธิปัตย์,67,พันเอก ธนิต พฤกษ์พนาเวศ
พรรคประชาธิปัตย์,68,รองศาสตราจารย์ ยศศักดิ์ โกไศยกานนท์
พรรคประชาธิปัตย์,69,นายภาธิน เสือดาว
พรรคประชาธิปัตย์,70,นายนภัทร โภคาสัมฤทธิ์
พรรคประชาธิปัตย์,71,นายมนตรี รักษาดี
พรรคประชาธิปัตย์,72,นายพุฒิสิทธิ์ ตั้งสิริหิรัญกุล
พรรคประชาธิปัตย์,73,นายวรพจน์ ธาราศิริสกุล
พรรคประชาธิปัตย์,74,นายศักร์สฤษฎี ศรีประศาสตร์
พรรคประชาธิปัตย์,75,นายฉัตรชัย พะลัง
พรรคประชาธิปัตย์,76,ว่าที่ร้อยตรี กฤษฎา ขมัน
พรรคประชาธิปัตย์,77,นายศุภสิทธิ์ ลิ้มตระกูล
พรรคประชาธิปัตย์,78,นายอนันต์ ฤกษ์ดี
พรรคประชาธิปัตย์,79,นายสัมมา คีตสิน
พรรคประชาธิปัตย์,80,นางปิยะพร เอี่ยมฐิติวัฒน์
พรรคประชาธิปัตย์,81,นายกันติพจน์ สิริภักดิสกุล
พรรคประชาธิปัตย์,82,นายรัฐชทรัพย์ นิชิด้า
พรรคประชาธิปัตย์,83,นางสาวสาวิตรี พฤกษ์อังคาร
พรรคประชาธิปัตย์,84,นายขจรพงษ์ พูลสวัสดิ์
พรรคประชาธิปัตย์,85,นายวิศรุต วิญญเอกสิทธิ์
พรรคประชาธิปัตย์,86,นายนัฐพงษ์ เตี่ยมังกรพันธุ์
พรรคประชาธิปัตย์,87,นายสวินธ์ จูฑะโยธิน
พรรคประชาธิปัตย์,88,นายณัฏฐกิตติ์ เขตตระการ
พรรคประชาธิปัตย์,89,นายจาตุรนต์ บุญมา
พรรคประชาธิปัตย์,90,นายสาคร เกี่ยวข้อง
พรรคประชาธิปัตย์,91,นายธีระ สลักเพชร
พรรคประชาธิปัตย์,92,นายอรรถพร พลบุตร
พรรคประชาธิปัตย์,93,นายประกอบ รัตนพันธ์
พรรคประชาธิปัตย์,94,นายสุกิจ ก้องธรนินทร์
พรรคประชาธิปัตย์,95,นางศรีสมร รัศมีฤกษ์เศรษฐ์
พรรคประชาธิปัตย์,96,พลตำรวจเอก อัศวิน ขวัญเมือง
พรรคประชาธิปัตย์,97,นายชินวรณ์ บุณยเกียรติ
พรรคประชาธิปัตย์,7,นายอลงกรณ์ พลบุตร
พรรคไทยก้าวหน้า,1,นายวัชรพล บุษมงคล
พรรคไทยก้าวหน้า,2,นายธนัช คงคา
พรรคไทยก้าวหน้า,3,นางกุสุมาลวตี ศิริโกมุท
พรรคไทยก้าวหน้า,4,นายวุฒิชัย จุลวงศ์
พรรคไทยก้าวหน้า,5,นางสาวอภิญญา พิมพ์ทอง
พรรคไทยก้าวหน้า,6,นายศตภพ อานไทสง
พรรคไทยก้าวหน้า,7,นายสมชาย ยนวิลาศ
พรรคไทยก้าวหน้า,8,นายชวนนท์ ศิริบาล
พรรคไทยก้าวหน้า,9,นายอังกูร ไผ่แก้ว
พรรคไทยก้าวหน้า,10,นายมุกดิ์หาญ สโมสร
พรรคไทยก้าวหน้า,11,นายสมศักดิ์ สนธิบริบูรณ์
พรรคไทยก้าวหน้า,12,นายภราดร ดลภราดร
พรรคไทยก้าวหน้า,13,นางศิริพร นาคอ่อน
พรรคไทยก้าวหน้า,14,นายชัยชาญ บุญญสิทธิ์
พรรคไทยภักดี,1,นายวรงค์ เดชกิจวิกรม
พรรคไทยภักดี,2,นางสาวชวลักษณ์ เวียงวิเศษ
พรรคไทยภักดี,3,นายปฏิยุทธ ทองประจง
พรรคไทยภักดี,4,นายกฤษณ์พงศ์ เกียรติศักดิ์
พรรคไทยภักดี,5,นายภูดิส กลิ่นวิชิต
พรรคไทยภักดี,6,นายปฏิณญา วิเชฎฐพงษ์
พรรคไทยภักดี,7,นางสาว ทีญา เผ่าสวัสดิ์
พรรคไทยภักดี,8,นายไชยยุทธ ศรีเปารยะ
พรรคไทยภักดี,9,นางสาววิลาสินี แววคุ้ม
พรรคไทยภักดี,10,นายทศพล หวลหอม
พรรคไทยภักดี,11,นายพรรษา อ่อนหวาน
พรรคไทยภักดี,12,นายณรงค์ ตันพงษ์
พรรคไทยภักดี,13,นายจักรพงศ์ ฉัตรพศิน
พรรคไทยภักดี,14,นายสุทัศน์ ภิรมย์เมธาวัชระ
พรรคไทยภักดี,15,นายไพบูลย์ บุตรสาลี
พรรคไทยภักดี,16,นายวรรธนะ ลือมงคล
พรรคไทยภักดี,17,นายสนั่น เพชรบัณฑูร
พรรคไทยภักดี,18,นายสมทรง คงสนิทพะเนา
พรรคไทยภักดี,19,ว่าที่ร้อยตรี นรินทร์ ศักดิ์เจริญชัยกุล
พรรคไทยภักดี,20,นายจิรกิตต์ ผลจันทร์
พรรคไทยภักดี,21,นางธนนันท์ วันทยางค์นันท์
พรรคไทยภักดี,22,นายอารยะ ชูประวัติ
พรรคไทยภักดี,23,นางปทิตตา กลิ่นวิชิต
พรรคไทยภักดี,24,นายอดุลย์ สะอะ
พรรคแรงงานสร้างชาติ,1,นายมนัส โกศล
พรรคแรงงานสร้างชาติ,2,นายวสันต์ พานเงิน
พรรคแรงงานสร้างชาติ,3,นายนิกรณ์ ไผ่ตระกูล
พรรคแรงงานสร้างชาติ,4,นายศรศาสตร์ นาเมืองรักษ์
พรรคแรงงานสร้างชาติ,5,นายปัญญา วันดี
พรรคแรงงานสร้างชาติ,6,นายภานุ กล่อมจิตร์
พรรคแรงงานสร้างชาติ,7,นายราเชน อิ่มใจ
พรรคแรงงานสร้างชาติ,8,นายสุริยนต์ จันทร์ศิริ
พรรคแรงงานสร้างชาติ,9,นายบรรจง บุญชื่น
พรรคแรงงานสร้างชาติ,10,นายบรรลุ เวียงพล
พรรคแรงงานสร้างชาติ,11,นายวันชัย โง้วสกุล
พรรคแรงงานสร้างชาติ,12,นางสุรีย์ มณฑา
พรรคแรงงานสร้างชาติ,13,นายประกอบ โกศล
พรรคแรงงานสร้างชาติ,14,นางดรุณวรรณ นนทรัตน์
พรรคแรงงานสร้างชาติ,15,นายธรรมเนียม เขตนัทธี
พรรคแรงงานสร้างชาติ,16,นายพงษ์สวัสดิ์ กิ่งสาร
พรรคประชากรไทย,1,นายคณิศร สมมะลวน
พรรคประชากรไทย,2,พลเอก ณรงค์ พฤกษารุ่งเรือง
พรรคประชากรไทย,3,นายมงคล กลิ่นกระจาย
พรรคประชากรไทย,4,นายนิกอิสฮาก เปาะซา
พรรคประชากรไทย,5,นางสาวสุขใจ ไพรสิงห์
พรรคประชากรไทย,6,นางอิสรีย์ พงศ์กมลานนท์
พรรคประชากรไทย,7,นายภูริทัต ว่องพุฒิพงษ์
พรรคประชากรไทย,8,นายสาคร พรมเดช
พรรคประชากรไทย,9,นายวัชรินทร์ เขจรวงค์
พรรคประชากรไทย,10,นายไพทูลย์ ผลสืบ
พรรคประชากรไทย,11,นางวิรณัฏฐ์ ณัฏฐมั่งคั่ง
พรรคประชากรไทย,12,นายสุกิจ จันทรังสิกุล
พรรคประชากรไทย,13,นายรอนิง อีซอ
พรรคประชากรไทย,14,นายยงค์ ภักดีศรี
พรรคประชากรไทย,15,นายอิสะมะแอ มะเระ
พรรคประชากรไทย,16,นายนิมิตร นิตยรักษ์
พรรคประชากรไทย,17,นายอับดุลเลาะ กานา
พรรคประชากรไทย,18,นางสาวนูรีฮัน ยูโซะ
พรรคครูไทยเพื่อประชาชน,1,นายปรีดา บุญเพลิง
พรรคครูไทยเพื่อประชาชน,2,นายไพศาล ปันแดน
พรรคครูไทยเพื่อประชาชน,3,นายเศรษฐศิษฎ์ ณุวงค์ศรี
พรรคครูไทยเพื่อประชาชน,4,นายไพโรจน์ กระจ่างพันธ์
พรรคครูไทยเพื่อประชาชน,5,นายคมกริช พุดดี
พรรคครูไทยเพื่อประชาชน,6,นายกัมปนาท มูลโต
พรรคครูไทยเพื่อประชาชน,7,นายเจริญ ชัยสิทธิ์
พรรคครูไทยเพื่อประชาชน,8,นายสิริชัย วงศ์พัฒนกิจ
พรรคครูไทยเพื่อประชาชน,9,นายสุเทน ฐานะ
พรรคครูไทยเพื่อประชาชน,10,นายคำตัน สนทอง
พรรคครูไทยเพื่อประชาชน,11,นายอำพล คำจม
พรรคครูไทยเพื่อประชาชน,12,นายวิชาญ ช่างวาด
พรรคครูไทยเพื่อประชาชน,13,นายสินสมุทร สมัยพิทักษ์
พรรคครูไทยเพื่อประชาชน,14,นางเพ็ญศรี สุขกาล
พรรคครูไทยเพื่อประชาชน,15,พันตำรวจตรี วราวุธ วัชรานนท์
พรรคครูไทยเพื่อประชาชน,16,นางสาวปรางชิด ไชนาท
พรรคครูไทยเพื่อประชาชน,17,สิบตรี สมยศ นุริตานนท์
พรรคครูไทยเพื่อประชาชน,18,นายศิลป์ชัย อาจภักดี
พรรคครูไทยเพื่อประชาชน,19,นายอนุชา ทองสงค์
พรรคครูไทยเพื่อประชาชน,20,นายธนากร เอ่งฉ้วน
พรรคครูไทยเพื่อประชาชน,21,นางสาวบุญส่ง ประดับวัน
พรรคครูไทยเพื่อประชาชน,22,นายมนตรี นิเวศน์
พรรคประชาชาติ,1,พันตำรวจเอก ทวี สอดส่อง
พรรคประชาชาติ,2,นายวันมูหะมัดนอร์ มะทา
พรรคประชาชาติ,3,นายรุ่งเรือง พิทยศิริ
พรรคประชาชาติ,4,นายฟาฮัด มะทา
พรรคประชาชาติ,5,พลตำรวจตรี ไมตรี สันตยากุล
พรรคประชาชาติ,6,นายวรวีร์ มะกูดี
พรรคประชาชาติ,7,นายวิทยา พานิชพงศ์
พรรคประชาชาติ,8,นายธนาธิป พรหมชื่น
พรรคประชาชาติ,9,นายนพรัตน์ กาญจนวโรดม
พรรคประชาชาติ,10,นายธงชาติ รัตนวิชา
พรรคประชาชาติ,11,นายซัยนูรดีน นิมา
พรรคประชาชาติ,12,นายอับดุลเราะมัน มอลอ
พรรคประชาชาติ,13,นายฐาคณิษฐ์ พรทองประเสริฐ
พรรคประชาชาติ,14,นายมนตรี บุญจรัส
พรรคประชาชาติ,15,นายอับดุลมูไฮมีน สาและ
พรรคประชาชาติ,16,นายอิมรอน เส้นหลีหมีน
พรรคประชาชาติ,17,นางสาวณมลพรรษ วิริยะโรจน์
พรรคประชาชาติ,18,นายสูฮัยมี ลือแบซา
พรรคประชาชาติ,19,นางสาวรอมือละห์ แซเยะ
พรรคประชาชาติ,20,นางสาวบุษราคัม แก้วเกิด
พรรคประชาชาติ,21,นางสาวตฤณ ล่อใจ
พรรคประชาชาติ,22,นายประดิษฐ์ พราหมณ์จินดา
พรรคประชาชาติ,23,นางสาวธนัญญรัชช์ เศรษฐาธิรัชฎ์
พรรคประชาชาติ,24,นายไชยพล เดชตระกูล
พรรคประชาชาติ,25,พลตำรวจตรี สุรศักดิ์ รมยานนท์
พรรคประชาชาติ,26,นายอภินันท์ พัฒนศิริ
พรรคประชาชาติ,27,นายอรรถภพ ว่องธนวณิช
พรรคประชาชาติ,28,นายปิยะ หมานอีน
พรรคประชาชาติ,29,นายองอาจ สุขเอมโอษฐ์
พรรคประชาชาติ,30,นายอานัต ช่างเรือ
พรรคประชาชาติ,31,นายสรธรรม จินดา
พรรคประชาชาติ,32,นายมนูญ บือราเฮง
พรรคประชาชาติ,33,นายสมศักดิ์ ผู่เจริญ
พรรคประชาชาติ,34,นายพิเชษฐ์ ดารากัย
พรรคประชาชาติ,35,นายชาญฤทธิ์ ปราณประเสริฐ
พรรคประชาชาติ,36,นายณัฐพงศ์ สุวรรณศิลป์
พรรคประชาชาติ,37,นายพิสุทธิ์ อังจันทร์เพ็ญ
พรรคสร้างอนาคตไทย,1,นายวุฒิพงษ์ เหลืองอุดมชัย
พรรคสร้างอนาคตไทย,2,นางสาววันวิสา ยามน้ำทรัพย์
พรรคสร้างอนาคตไทย,3,นายศิริชัย บุญศรี
พรรคสร้างอนาคตไทย,4,นายมุนี ยูโซะ
พรรคสร้างอนาคตไทย,5,นายธนวัฒน์ เกตุงาม
พรรคสร้างอนาคตไทย,6,นายฐานิศร์ แสงพล
พรรคสร้างอนาคตไทย,7,นายณัฐ แก้วสว่าง
พรรคสร้างอนาคตไทย,8,นางธิดารัตน์ แสงปัก
พรรคสร้างอนาคตไทย,9,นายอาหะมะ มอลอ
พรรคสร้างอนาคตไทย,1,นายประสิทธิ์ ดวงพยัพ
พรรครักชาติ,1,นายชัยวุฒิ ธนาคมานุสรณ์
พรรครักชาติ,2,นายเอกพิทยา เอี่ยมคงเอก
พรรครักชาติ,3,นายชนินทร์ ปิ่นทอง
พรรครักชาติ,4,นายชัยพร จิรวินิจนันท์
พรรครักชาติ,5,นายณัฏฐกรณ์ ทวีรักษา
พรรครักชาติ,6,นายทัศนัย ทองมี
พรรครักชาติ,7,นายรวี เลาหพูนรังษี
พรรครักชาติ,8,นายธรรศ พจนประพันธ์
พรรครักชาติ,9,นายรัฐภูมิ วัลลิกุล
พรรครักชาติ,10,นางสาวจุฑาวรรณ คะชา
พรรครักชาติ,1,นายณภัทร ชุ่มจิตตรี
พรรครักชาติ,2,นางสาวนวลกนก คชนันทน์
พรรครักชาติ,3,นายชาตรี ทิพยเจือจุน
พรรครักชาติ,4,นายธีรัช ศิลามหากุล
พรรครักชาติ,5,นายวาชิม คาน
พรรครักชาติ,6,นายธันวา สถาพรรุ่งกิจ
พรรครักชาติ,7,นายปัญจพงศ์ ธนบดีธีรสิทธิ์
พรรครักชาติ,8,นางสาววริสรา พังงา
พรรครักชาติ,9,นางสาวประภากมล หินแก้ว
พรรครักชาติ,10,นายเทวภัทร พรมเอี่ยม
พรรครักชาติ,11,นางภคพร เดชพัฒนกุล
พรรครักชาติ,12,นางสาวณัฏฐิกา บุญวิภาส
พรรครักชาติ,13,นายเอกรัฐ อนุศาสน์สิริพร
พรรครักชาติ,14,นายโมเซนคาน เมฆดารา
พรรครักชาติ,15,นางสาวรัสรินทร์ กันต์นิธิวงศ์
พรรคไทยพร้อม,1,นายสุพงษ์พิธ รุ่งเป้า
พรรคไทยพร้อม,2,นายธนพงศ์ สกุลธนพาณิช
พรรคไทยพร้อม,3,นายหมวดโท สุรพจน์ เพชรกรรพุม
พรรคไทยพร้อม,4,นายวิชัย แซ่เตีย
พรรคไทยพร้อม,5,นางสาวรัสรินทร์ เชาว์คุณาเตชะวงษ์
พรรคไทยพร้อม,6,นายวิศิษย์ จันดากูล
พรรคไทยพร้อม,7,นายปรัชวินทร์ ภาสย์วชิรานนท์
พรรคไทยพร้อม,8,นายกชธนณัฏฐ์ หมวกผัน
พรรคไทยพร้อม,9,นายวันชัย นาควิจิตร
พรรคไทยพร้อม,10,นายมูหมัด จารง
พรรคภูมิใจไทย,1,นายอนุทิน ชาญวีรกูล
พรรคภูมิใจไทย,2,นายไชยชนก ชิดชอบ
พรรคภูมิใจไทย,3,นายวราวุธ ศิลปอาชา
พรรคภูมิใจไทย,4,นายสันติ พร้อมพัฒน์
พรรคภูมิใจไทย,5,นางสาวซาบีดา ไทยเศรษฐ์
พรรคภูมิใจไทย,6,นายชลัฐ รัชกิจประการ
พรรคภูมิใจไทย,7,นายเอกนัฏ พร้อมพันธุ์
พรรคภูมิใจไทย,8,นางสาวศุภมาส อิศรภักดี
พรรคภูมิใจไทย,9,นางพิชชารัตน์ เลาหพงศ์ชนะ
พรรคภูมิใจไทย,10,นางสาวไตรศุลี ไตรสรณกุล
พรรคภูมิใจไทย,11,นางนันทนา สงฆ์ประชา
พรรคภูมิใจไทย,12,นายร่มธรรม ขำนุรักษ์
พรรคภูมิใจไทย,13,นายกฤษฎา หลีนวรัตน์
พรรคภูมิใจไทย,14,นางสาวศศิธร กิตติธรกุล
พรรคภูมิใจไทย,15,นายศุภชัย ใจสมุทร
พรรคภูมิใจไทย,16,นายเผดิมชัย สะสมทรัพย์
พรรคภูมิใจไทย,17,นายเกรียงยศ สุดลาภา
พรรคภูมิใจไทย,18,นายธนกร วังบุญคงชนะ
พรรคภูมิใจไทย,19,นางสาวรินทร์ลิตา อดิษะ
พรรคภูมิใจไทย,20,นายนิกร จำนง
พรรคภูมิใจไทย,21,นายปิติ ปิตุเตชะ
พรรคภูมิใจไทย,22,นายพิบูลย์ รัชกิจประการ
พรรคภูมิใจไทย,23,นายพงศกร อรรณนพพร
พรรคภูมิใจไทย,24,นางศิริวรรณ ปราศจากศัตรู
พรรคภูมิใจไทย,25,นางพูนสุข โพธิ์สุ
พรรคภูมิใจไทย,26,นางสาวรัชดา ธนาดิเรก
พรรคภูมิใจไทย,27,นายยุทธพล อังกินันทน์
พรรคภูมิใจไทย,28,นายอนุชา บูรพชัยศรี
พรรคภูมิใจไทย,29,นายไกรศร วิศิษฎ์วงศ์
พรรคภูมิใจไทย,30,นายปารเมศ โพธารากุล
พรรคภูมิใจไทย,31,นายอารี ไกรนรา
พรรคภูมิใจไทย,32,นายพีรพร สุวรรณฉวี
พรรคภูมิใจไทย,33,นายพินิจ จันทรสุรินทร์
พรรคภูมิใจไทย,34,นายกนก วงษ์ตระหง่าน
พรรคภูมิใจไทย,35,นายเอกภพ เพียรพิเศษ
พรรคภูมิใจไทย,36,นายสวาป เผ่าประทาน
พรรคภูมิใจไทย,37,นางสาวสัตบุษย์ บุญเรือง
พรรคภูมิใจไทย,38,นายธนกฤต ชาติอนุลักษณ์
พรรคภูมิใจไทย,39,นางสาววีราภรณ์ เกียรติชัยพัฒน
พรรคภูมิใจไทย,40,นายมงคลพัฒน์ สรรณ์ไตรภพ
พรรคภูมิใจไทย,41,นายอรุณ พรหมคุณ
พรรคภูมิใจไทย,42,นายภูมิพัฒน์ เหมือนจันทร์
พรรคภูมิใจไทย,43,นางสาวสุวณา ปิยะพิสุทธิ์
พรรคภูมิใจไทย,44,นายสรวิศ ธานีโต
พรรคภูมิใจไทย,45,นายมารุต มัสยวาณิช
พรรคภูมิใจไทย,46,นายพนม จันทร์ศรีทอง
พรรคภูมิใจไทย,47,นางสาวจิณตภา ฐิติพิทยา
พรรคภูมิใจไทย,48,นางสาวพัทธนันท์ สมใจ
พรรคภูมิใจไทย,49,นายจำลอง ช่วยรอด
พรรคภูมิใจไทย,50,นางสาวณัฐกฤตา วิบูลย์วุฒิวงศ์
พรรคภูมิใจไทย,51,นายสมฤกษ์ บัวใหญ่
พรรคภูมิใจไทย,52,นายอาทิตย์ ฉัตรชัยพลรัตน์
พรรคภูมิใจไทย,53,นางสาวณิชกานต์ สิงขจร
พรรคภูมิใจไทย,54,นายสัญญา คงสมบัติ
พรรคภูมิใจไทย,55,สิบตรีสุพิน บุญเลิศ
พรรคภูมิใจไทย,56,นางกษมา จิรภัคเสถียร
พรรคภูมิใจไทย,57,นายพิพัฒน์ชัย ภัครัชตานนท์
พรรคภูมิใจไทย,58,นายชูเกียรติ น้ำเงิน
พรรคภูมิใจไทย,59,นายนาวิน สังฆมาตร
พรรคภูมิใจไทย,60,นายสุรศักดิ์ เลิศรุจิกุล
พรรคภูมิใจไทย,61,นายเชิง รักหาญ
พรรคภูมิใจไทย,62,นายวีระยุทธ งามจิตร
พรรคภูมิใจไทย,63,นายจักรวัฒน์ ฐิติพิทยา
พรรคภูมิใจไทย,64,นายราเชนทร์ มาลัยวงศ์
พรรคภูมิใจไทย,65,นายขจรศักดิ์ สีทองหลาง
พรรคภูมิใจไทย,66,นายบุญอยู่ รอดพะดี
พรรคภูมิใจไทย,67,นายวันชนะ แถมยิ้ม
พรรคภูมิใจไทย,68,นายยูฮัน บูละ
พรรคภูมิใจไทย,69,นางสาวธนัชดา ตันจรารักษ์
พรรคภูมิใจไทย,70,นางจิณณา สืบสายไทย
พรรคภูมิใจไทย,71,นายขวัญชัย สกุลทอง
พรรคภูมิใจไทย,72,ว่าที่ร้อยตรี กมล วิภาดาพิสุทธิ์
พรรคภูมิใจไทย,73,นายจักรกฤษณ์ การะเกต
พรรคภูมิใจไทย,74,นายโกวิทย์ นาพิมพ์
พรรคภูมิใจไทย,75,นายกิตติศักดิ์ นาอ่อน
พรรคภูมิใจไทย,76,นางสาวพัชรนันท์ โกศลสมบัตินนท์
พรรคภูมิใจไทย,77,นายพิเชฎฐ์ ชัยศรี
พรรคภูมิใจไทย,78,นายบุญเกิด ทรงรัมย์
พรรคภูมิใจไทย,79,นางสาวณัฐสุดา เจริญพันธ์
พรรคภูมิใจไทย,80,นายเชน หมั่นเขตรกิจ
พรรคภูมิใจไทย,81,นางสาวปิยพร ไพบูลย์ จอมเทพมาลา
พรรคภูมิใจไทย,82,นายสมนึก นาห้วยทราย
พรรคภูมิใจไทย,83,นายธรรมรงศักดิ์ รักงาม
พรรคภูมิใจไทย,84,นายธานี เกสทอง
พรรคภูมิใจไทย,85,นายสวัสดิ์ อุทัยแสน
พรรคภูมิใจไทย,86,นายณัฐพล จรัสสุริยพงศ์
พรรคภูมิใจไทย,88,นายมานพ เกตุเมฆ
พรรคภูมิใจไทย,89,นายพีระเพชร ศิริกุล
พรรคภูมิใจไทย,90,นายเกียรติ เหลืองขจรวิทย์
พรรคภูมิใจไทย,91,นายรังสิกร ทิมาตฤกะ
พรรคภูมิใจไทย,92,นายพิกิฎ ศรีชนะ
พรรคภูมิใจไทย,93,นายสิรภพ ดวงสอดศรี
พรรคภูมิใจไทย,94,นายธนิศร์ ศรีประเทศ
พรรคภูมิใจไทย,95,นายทรงศักดิ์ ทองศรี
พรรคภูมิใจไทย,96,นายนภินทร ศรีสรรพางค์
พรรคภูมิใจไทย,97,นายพัฒนา พร้อมพัฒน์
พรรคภูมิใจไทย,98,นายสุรศักดิ์ พันธ์เจริญวรกุล
พรรคพลังธรรมใหม่,1,นายระวี มาศฉมาดล
พรรคพลังธรรมใหม่,2,นายสมโชค จันทร์ทอง
พรรคพลังธรรมใหม่,3,นางกรรธิมา สันติสุข
พรรคพลังธรรมใหม่,4,นายกฤษณะ เนตร์ชัยรัตน์
พรรคพลังธรรมใหม่,5,นางสาวสุรัสญา วิทยประภารัตน์
พรรคกรีน,1,นายอรุณ คงเจริญ
พรรคกรีน,2,นายพงศา ชูแนม
พรรคกรีน,3,นายธวัฏน์ ว่องวรานนท์
พรรคกรีน,4,นายอิสรภาพ คงเจริญ
พรรคกรีน,5,นายทนงศักดิ์ รักอารมณ์
พรรคกรีน,6,นายวันสาด ศรีสุวรรณ
พรรคกรีน,7,นายสิทธิชัย เนตรสืบสาย
พรรคกรีน,8,นายอภิรักษ์ แตงขาว
พรรคกรีน,9,นายสุมาตร อินทรมณี
พรรคกรีน,10,นางสุชาดา ตันตระพงศธร
พรรคกรีน,11,นางสาวเสอะเยียเบ่อ งามยิ่ง
พรรคกรีน,12,นายนิติพงษ์ ปัญญาดิษฐวงษ์
พรรคไทยธรรม,1,นางสาวเมธินี ใยสุ่น
พรรคไทยธรรม,2,นายวิศรุต ครุฑไกวัล
พรรคไทยธรรม,3,นายสุเทพ เทพรุ่งโรจน์
พรรคไทยธรรม,4,นายสุทธินันท์ วัตระดี
พรรคไทยธรรม,5,นายศดิศ ใจเที่ยง
พรรคไทยธรรม,6,นายรณชิต ยะรังษี
พรรคไทยธรรม,7,นายกัมชัย อภิโชครตนกุล
พรรคไทยธรรม,8,นายฉลอม เหล่าจั่น
พรรคแผ่นดินธรรม,1,นายบุณยติเลิศ สาระ
พรรคแผ่นดินธรรม,2,นายสุริยา โคตรภูธร
พรรคแผ่นดินธรรม,3,นายดวงใจ เชื้อคำเพ็ง
พรรคแผ่นดินธรรม,4,นางสาวจิราภรณ์ สารตันติพงศ์
พรรคแผ่นดินธรรม,5,นายโกวิทย์ จันทร์หอม
พรรคแผ่นดินธรรม,6,พันเอก อนันธิยศิริ เฮงตระกูล
พรรคแผ่นดินธรรม,7,นางสาวทิพยอรุณ จำปากุล
พรรคแผ่นดินธรรม,8,นายสุวัฒน์ บุญชูศร
พรรคแผ่นดินธรรม,9,นายสมส่วน อ่อนอุทัย
พรรคกล้าธรรม,1,ร้อยเอก ธรรมนัส พรหมเผ่า
พรรคกล้าธรรม,2,ศาสตราจารย์นฤมล ภิญโญสินวัฒน์
พรรคกล้าธรรม,3,นางปวีณา หงสกุล
พรรคกล้าธรรม,4,นาวาอากาศเอก อนุดิษฐ์ นาครทรรพ
พรรคกล้าธรรม,5,นายวิกรม เตชะธีราวัฒน์
พรรคกล้าธรรม,6,นางสาวเจนจิรา รัตนเพียร
พรรคกล้าธรรม,7,นายนัจมุดดีน อูมา
พรรคกล้าธรรม,8,นายฉัตรชัย นิติภักดิ์
พรรคกล้าธรรม,9,พันเอก ยุทธพงษ์ พิพิธภักดี
พรรคกล้าธรรม,10,พลเอก เดชนิธิศ เหลืองงามขำ
พรรคกล้าธรรม,11,นายกองตรี ธนกฤต จิตรอารีย์รัตน์
พรรคกล้าธรรม,12,นายนิกร ซัจเดว
พรรคกล้าธรรม,13,นายชาญวิทย์ มุนิกานนท์
พรรคกล้าธรรม,14,นายบุญสิงห์ วรินทร์รักษ์
พรรคกล้าธรรม,15,นายมุข สุไลมาน
พรรคกล้าธรรม,16,นายมนตรี ปาน้อยนนท์
พรรคกล้าธรรม,17,นายชูวิทย์ พิทักษ์พรพัลลภ
พรรคกล้าธรรม,18,นายเอกราษฏฐ์ ช่างเหลา
พรรคกล้าธรรม,19,นายสุธี พงษ์เพียรชอบ
พรรคกล้าธรรม,20,นายไพโรจน์ ตันบรรจง
พรรคกล้าธรรม,21,นายเชาวฤทธิ์ ขจรพงศ์กีรติ
พรรคกล้าธรรม,22,นายกฤดิทัช แสงธนโยธิน
พรรคกล้าธรรม,23,พลตำรวจเอก วีรชน บุญทวี
พรรคกล้าธรรม,24,พลเรือเอก สุทิน หลายเจริญ
พรรคกล้าธรรม,25,นางมุกดา พงษ์สมบัติ
พรรคกล้าธรรม,26,นางอนุรักษ์ บุญศล
พรรคกล้าธรรม,27,นายศักดา คงเพชร
พรรคกล้าธรรม,28,นางสาวณภาภัช อัญชสาณิชมน
พรรคกล้าธรรม,29,นายสุชาติ อุสาหะ
พรรคกล้าธรรม,30,นายทักษิณ แก้วสามดวง
พรรคกล้าธรรม,31,ว่าที่ร้อยตรี ธนุ วงษ์จินดา
พรรคกล้าธรรม,32,นายณัฏฐกิตติ์ ของทิพย์
พรรคกล้าธรรม,33,นายธนสาร ธรรมสอน
พรรคกล้าธรรม,34,นายศุภวิชญ์ จันทร์เสถียร
พรรคกล้าธรรม,35,นายณัฐวัฒน์ ชั้นอินทร์งาม
พรรคกล้าธรรม,36,นายไพรัตน์ ตันบรรจง
พรรคกล้าธรรม,37,พลตำรวจตรี กริช กิติลือ
พรรคกล้าธรรม,38,นายกฤตตฤน สุขบริบูรณ์
พรรคกล้าธรรม,39,พลเรือโท นิรัตน์ ทากุดเรือ ร.น.
พรรคกล้าธรรม,40,พันตำรวจเอก ดุลยมาน แยนา
พรรคกล้าธรรม,41,พันตำรวจเอก ปัตตะ มะดาวา
พรรคกล้าธรรม,42,พันตำรวจเอก ชัยพฤกษ์ ผาติวรากร
พรรคกล้าธรรม,43,พลเอก สุรวัช บุตรวงษ์
พรรคกล้าธรรม,44,นายองอาจ เกษเมธีการุณ
พรรคกล้าธรรม,45,นายโปรดปราน โต๊ะราหนี
พรรคกล้าธรรม,46,นางสาวนัชธนัญญ์ ทรัพย์ญาณกรณ์
พรรคกล้าธรรม,47,นายณัฏฐ์พงษ์ ยงใจยุทธ
พรรคกล้าธรรม,48,นายมูยำหมัดอาลาวี บือแน
พรรคกล้าธรรม,49,นางสาวพิชชาภัสร์ อมาตย์วรานนท์
พรรคกล้าธรรม,50,นายฮานาพี หมิ่นเส็น
พรรคกล้าธรรม,51,จ่าอากาศเอก ศุภวัฒน์ เมธาวัชรินทร์
พรรคกล้าธรรม,52,นายชินกร ก้าววิทยาคม
พรรคกล้าธรรม,53,นางธัญญรัตน์ ไชย์ศิริคุณากร
พรรคกล้าธรรม,54,นางสาวชานิสรา ภูวิจิตร
พรรคกล้าธรรม,55,นายเจริญ แซ่เต็ง
พรรคกล้าธรรม,56,นายองค์กร อมรสิรินันท์
พรรคกล้าธรรม,57,นายอาลี คาน
พรรคกล้าธรรม,58,นายมูฮัมมัดรอซาร์กี แวบือซา
พรรคกล้าธรรม,59,นายณัฐพงษ์ เนียมสม
พรรคกล้าธรรม,60,นายรอเช็ด เป็นแหละแหนะ
พรรคกล้าธรรม,61,นายมูหามัดรอซากี เจ๊ะอุเซ็ง
พรรคกล้าธรรม,62,นายไชยามพวาน มั่นเพียรจิตต์
พรรคกล้าธรรม,63,นายโชคภิวัสร์ เลิศสุรสีห์
พรรคกล้าธรรม,64,นายชำนาญ เหล่าทอง
พรรคกล้าธรรม,65,นายทินพัฒน์ เรืองฤทธิ์
พรรคกล้าธรรม,66,นายปรีชา วรกุล
พรรคกล้าธรรม,67,นายวัชรางกูร แสนเสริม
พรรคกล้าธรรม,68,นายสุภณ พงศ์อักษร
พรรคกล้าธรรม,69,นายเอกรินทร์ นิลสวัสดิ์
พรรคกล้าธรรม,70,นายโยธิน วรารัศมี
พรรคกล้าธรรม,71,นายชัยโรจน์ โชติกิตติวาณิชย์
พรรคกล้าธรรม,72,นายพีรพล สุทธิมัย
พรรคกล้าธรรม,73,นายชนกานต์ เหยียดชัยภูมิ
พรรคกล้าธรรม,74,นายบุรวิช เรื่องแก้ว
พรรคกล้าธรรม,75,นายอัครกฤษ นุ่นจันทร์
พรรคกล้าธรรม,76,นายสมโภชน์ สุทธิปัญญา
พรรคกล้าธรรม,77,นายเกียรติศักดิ์ อุดขา
พรรคกล้าธรรม,78,นายธนพล บุญมาลี
พรรคกล้าธรรม,79,นายสุรชัย กุลทรงคุณากร
พรรคกล้าธรรม,80,นายชวิศ ควันธรรม
พรรคกล้าธรรม,81,นายสุทน สุวรรณโณ
พรรคกล้าธรรม,82,นายอุทัยรัชต์ ปรีชา
พรรคกล้าธรรม,83,นายสุนันท์ อึ้งทรงธรรม
พรรคกล้าธรรม,84,นายทวีเกียรติ ใจดี
พรรคกล้าธรรม,85,นางสาวศิริรัตน์ สิริโชควงศ์สกุล
พรรคกล้าธรรม,86,นายสุวัฒน์ มีบุตร
พรรคกล้าธรรม,87,นาวาเอก ปฏิยุทธ์ บุญปาลิต
พรรคกล้าธรรม,88,นายอัครวัต เวชสถิตย์
พรรคกล้าธรรม,89,นายเทพฤทธิ์ สีน้ำเงิน
พรรคกล้าธรรม,90,นายนนชัย ศานติบุตร
พรรคกล้าธรรม,91,นายสาคร พรหมภักดี
พรรคกล้าธรรม,92,พลตำรวจตรี วัชรวิชย์ ณรงค์พันธุ์
พรรคกล้าธรรม,93,นายภูหลวง เสิศรัฐการ
พรรคกล้าธรรม,94,นายประยูร พูลจันทร์
พรรคกล้าธรรม,95,นายอัศวโรจน์ เถาว์กลอย กูจิ
พรรคกล้าธรรม,96,นายอธิวัฒน์ จันครา
พรรคกล้าธรรม,97,นายสุนทร รักษ์รงค์
พรรคกล้าธรรม,98,นายเลิศบุตร บูรณะคุณาภรณ์
พรรคกล้าธรรม,99,นายณัฐนนท์ เอี่ยมพูลทรัพย์
พรรคกล้าธรรม,900,นายพิชาณัฐ เกษมธนาภิรักษ์
พรรคพลังประชารัฐ,1,นายภัครธรณ์ เทียนไชย
พรรคพลังประชารัฐ,2,พลเอก กฤษณ์โยธิน ศศิพัฒนวงษ์
พรรคพลังประชารัฐ,3,พลตำรวจโท ปิยะ ต๊ะวิชัย
พรรคพลังประชารัฐ,4,พลเอก สุนัย ประภูชะเนย์
พรรคพลังประชารัฐ,5,นายสนั่น พงษ์อักษร
พรรคพลังประชารัฐ,6,นายบุรินทร์ สุขพิศาล
พรรคพลังประชารัฐ,7,นายสมโภชน์ แพงแก้ว
พรรคพลังประชารัฐ,8,พันตำรวจเอก ศุภกฤช เดือนแจ้งรัมย์
พรรคพลังประชารัฐ,9,นายอาทิตย์ เล่าสกุล
พรรคพลังประชารัฐ,10,นายพุทธชาติ ช่วยราม
พรรคพลังประชารัฐ,11,นายกฤษณพล เกรียงไกรฤทธิ์
พรรคพลังประชารัฐ,12,นายกิตติศักดิ์ ครุฑประเสริฐ
พรรคพลังประชารัฐ,13,นายจุมภฎ ชูศักดิ์เจริญ
พรรคพลังประชารัฐ,14,นายฉัตรชัย ธนาวุฒิ
พรรคพลังประชารัฐ,15,นางสาวณัติชฎาภรค์ สิทธิโชติยิ่งยศ
พรรคพลังประชารัฐ,16,นายดาโต๊ะสรีสุธิพันธ์ ศรีริกานนท์
พรรคพลังประชารัฐ,17,นายดำรงค์ รุ่งเรือง
พรรคพลังประชารัฐ,18,นายเดชทัต บุนนาค
พรรคพลังประชารัฐ,19,นายทวีศักดิ์ ปิยะวิสุทธิกุล
พรรคพลังประชารัฐ,20,นายปรพล อดิเรกสาร
พรรคพลังประชารัฐ,21,นายประสงค์ บูรณ์พงศ์
พรรคพลังประชารัฐ,22,นายประเสริฐ กรุดเงิน
พรรคพลังประชารัฐ,23,นางพรกมล บุนนาค
พรรคพลังประชารัฐ,24,นายพัฒนจักษ์ แพทย์รัฏณ์
พรรคพลังประชารัฐ,25,นายพิพัฒน์ จำปาทอง
พรรคพลังประชารัฐ,26,นางภคปภา ศิริณายุกุล
พรรคพลังประชารัฐ,27,นางสาวภคอร พลพรกลาง
พรรคพลังประชารัฐ,28,นายมานิตย์ จินดามงคล
พรรคพลังประชารัฐ,29,นายรักพงษ์ แช่ตั้ง
พรรคพลังประชารัฐ,30,นายวสันต์ แก้วงาม
พรรคพลังประชารัฐ,31,นายวันชัย โคตรแก้ว
พรรคพลังประชารัฐ,32,นายศรสุทธา กลั่นมาลี
พรรคพลังประชารัฐ,33,นางสาวอิสยาภรณ์ วงษานุทัศน์
พรรคพลังประชารัฐ,34,นายอุดมเกียรติ อภินันทิกุล ปานมี
พรรคพลังประชารัฐ,35,นายเอกราช พรหมลัมภัก
พรรคโอกาสใหม่,1,นายจตุพร บุรุษพัฒน์
พรรคโอกาสใหม่,2,นายณัฏฐชัย ศรีรุ่งสุขพินิจ
พรรคโอกาสใหม่,3,นายทศพร เสรีรักษ์
พรรคโอกาสใหม่,4,นายศรัณย์วุฒิ ศรัณย์เกตุ
พรรคโอกาสใหม่,5,นางสาวอนุสรี ทับสุวรรณ
พรรคโอกาสใหม่,6,นายสุปกิต โพธิ์ปภาพันธ์
พรรคโอกาสใหม่,7,นายสิรวิทย์ ช่วงเสน
พรรคโอกาสใหม่,8,พลตำรวจตรี อธิศวิส กมลรัตน์
พรรคโอกาสใหม่,9,นายหมวดตรี สุธนพจน์ กิจธนาภิทักษ์
พรรคโอกาสใหม่,10,นายวัฒนะชัย สืบศิริบุษย์
พรรคโอกาสใหม่,11,นายสุขสันต์ กิตติศุภกร
พรรคโอกาสใหม่,12,นายกฤษฎา สัจจกุล
พรรคโอกาสใหม่,13,นายกิตติพงษ์ เหล่านิพนธ์
พรรคโอกาสใหม่,14,นายธนพนธ์ สิงหพันธุ์
พรรคโอกาสใหม่,15,นางสาวไตรลดา มั่งคั่ง
พรรคโอกาสใหม่,16,นางปราณี สุคันธเสวี
พรรคโอกาสใหม่,17,นายณัฏฐพล กรรณสูต
พรรคโอกาสใหม่,18,นายปุระพัฒน์ วิเศษจินดาวัฒนา
พรรคโอกาสใหม่,19,นางสาวจุฑามาศ ยงคะวิสัย
พรรคโอกาสใหม่,20,นายลัทธจิตร มีรักษ์
พรรคโอกาสใหม่,21,นายธิติรัตน์ พุ่มไสว
พรรคโอกาสใหม่,22,นางสาวมณทิรา จำปา
พรรคโอกาสใหม่,23,นายอัษฎา วนาทรัพย์ดำรง
พรรคโอกาสใหม่,24,นายเลอพงศ์ ลิ้มรัตน์
พรรคโอกาสใหม่,25,นายวรงค์ ทิวทัศน์
พรรคโอกาสใหม่,26,นางสาวริกาณ์ ปุญทริกา
พรรคโอกาสใหม่,27,นายสุนทราวุธ มีเอม
พรรคโอกาสใหม่,28,นายอุทิศ พิมพลีชัย
พรรคโอกาสใหม่,29,นางฐิตารีย์ ไตรสรณปัญญา
พรรคโอกาสใหม่,30,นายจีระศักดิ์ ดรโคตรจันทร์
พรรคโอกาสใหม่,31,นางสาวปนัดดา มาตะวงค์
พรรคโอกาสใหม่,32,นายสิระ พิมพ์กลาง
พรรคโอกาสใหม่,33,นายสมชาย เพ็ชรจินดา
พรรคโอกาสใหม่,1,นายปิติพงศ์ เต็มเจริญ
พรรคโอกาสใหม่,2,นางสาวกรรณ์ ชวกรกุล
พรรคโอกาสใหม่,3,นายประสิทธิ์ชัย หนูนวล
พรรคโอกาสใหม่,4,นางสาวปุณยวีร์ เต็มเจริญ
พรรคโอกาสใหม่,5,นายกร โอสถานุเคราะห์
พรรคโอกาสใหม่,6,นายอธิราษฎร์ ดำดี
พรรคโอกาสใหม่,7,นายบุญธร อุปนันท์
พรรคโอกาสใหม่,8,นายสืบไทย พุ่มโพธิงาม
พรรคโอกาสใหม่,9,นายโชคชัย จันทร์วิเศษ
พรรคโอกาสใหม่,10,นายอิทธิ ไทยประจง
พรรคโอกาสใหม่,11,นายสรายุทธ์ สนรักษา
พรรคโอกาสใหม่,12,นายเดโชนุชิต นวลสกุล
พรรคโอกาสใหม่,13,นางเข็มมา สีทิ
พรรคโอกาสใหม่,14,นายสหพร ทิพย์จำนงค์
พรรคโอกาสใหม่,15,นายอริญชัย กาวิกุล
พรรคโอกาสใหม่,16,นายณัฐพงศ์ นามะโส
พรรคโอกาสใหม่,17,นายพงศ์ธร ตั้งบวรไพศาล
พรรคโอกาสใหม่,18,นายสุทธิพงษ์ รอดปลอด
พรรคโอกาสใหม่,19,นายชาญวิทย์ เอนกสัมพันธ์
พรรคโอกาสใหม่,20,นางสาวมนัสนันท์ ทองเมืองหลวง
พรรคโอกาสใหม่,21,นายสมสุข สวัสดิ์ใหม่
พรรคโอกาสใหม่,22,นางจันทนา แสนสำราญ
พรรคโอกาสใหม่,23,นายวราวุธ ทองเกิด
พรรคประชาชน,1,นายณัฐพงษ์ เรื่องปัญญาวุฒิ
พรรคประชาชน,2,นางสาวศิริกัญญา ตันสกุล
พรรคประชาชน,3,นายวีระยุทธ กาญจน์ชูฉัตร
พรรคประชาชน,4,นายเซีย จำปาทอง
พรรคประชาชน,5,นายอิสริยะ ไพรีพ่ายฤทธิ์
พรรคประชาชน,6,นางสาวณัฐยา บุญภักดี
พรรคประชาชน,7,นายภาวุธ พงษ์วิทยภานุ
พรรคประชาชน,8,นายรังสิมันต์ โรม
พรรคประชาชน,9,นายพริษฐ์ วัชรสินธุ
พรรคประชาชน,10,นายสุรเชษฐ์ ประวีณวงศ์วุฒิ
พรรคประชาชน,11,นายสิทธิพล วิบูลย์ธนากุล
พรรคประชาชน,12,นายธีระ สุธีวรางกูร
พรรคประชาชน,13,นายปกรณ์วุฒิ อุดมพิพัฒน์สกุล
พรรคประชาชน,14,นายณัฐวุฒิ บัวประทุม
พรรคประชาชน,15,นายกิตติพงษ์ ปิยะวรรณโณ
พรรคประชาชน,16,นายวาโย อัศวรุ่งเรือง
พรรคประชาชน,17,นายวิสุทธิ์ ตันตินันท์
พรรคประชาชน,18,นายชัยวัฒน์ สถาวรวิจิตร
พรรคประชาชน,19,นายพูนศักดิ์ จันทร์จำปี
พรรคประชาชน,20,นายณัฐชา บุญไชยอินสวัสดิ์
พรรคประชาชน,21,นายศุภโชติ ไชยสัจ
พรรคประชาชน,22,นายประมวล สุธีจารุวัฒน
พรรคประชาชน,23,นายเลาฟัง บัณฑิตเทอดสกุล
พรรคประชาชน,24,นายกิตติชัย เตชะกุลวณิชย์
พรรคประชาชน,25,นางสาวภคมน หนุนอนันต์
พรรคประชาชน,26,นายสรศักดิ์ สมรไกรสรกิจ
พรรคประชาชน,27,นายปิยรัฐ จงเทพ
พรรคประชาชน,28,นางสาวรักชนก ศรีนอก
พรรคประชาชน,29,นายรอมฎอน ปันจอร์
พรรคประชาชน,30,นายเอกภพ สิทธิวรรณธนะ
พรรคประชาชน,31,นายธีรศักดิ์ จิระตราชู
พรรคประชาชน,32,นางสาวธนพร วิจันทร์
พรรคประชาชน,33,นายกรุณพล เทียนสุวรรณ
พรรคประชาชน,34,นายณรงเดช อุฬารกุล
พรรคประชาชน,35,นางสาวชุติมา คชพันธ์
พรรคประชาชน,36,นางสาวทัศนีย์ บูรณุปกรณ์
พรรคประชาชน,37,นายนพณัฐ มีรักษา
พรรคประชาชน,38,นายรัชนาท วานิชสมบัติ
พรรคประชาชน,39,นายนิธิกร บุญยกุลเจริญ
พรรคประชาชน,40,นางสาวชลธิชา แจ้งเร็ว
พรรคประชาชน,41,นายวรวุฒิ บุตรมาตร
พรรคประชาชน,42,นางสาวศนิวาร บัวบาน
พรรคประชาชน,43,นายอำนาจ ชุณหะนันทน์
พรรคประชาชน,44,นายแทนศร พรปัญญาภัทร
พรรคประชาชน,45,นายภูริทัต จันทร์แก้ว
พรรคประชาชน,46,นายปารมี ไวจงเจริญ
พรรคประชาชน,47,นายธีระชาติ ก่อตระกูล
พรรคประชาชน,48,นายฐิติพงศ์ พิมลเวชกุล
พรรคประชาชน,49,นายฆนัท นาคถนอมทรัพย์
พรรคประชาชน,50,นายธีรวัตร์ ปัญญาณ์ธรรมกุล
พรรคประชาชน,51,นายธิวัชร์ ดำแก้ว
พรรคประชาชน,52,นางสาวจริยา เสนพงศ์
พรรคประชาชน,53,นายนิธิ ละเอียดดี
พรรคประชาชน,54,นายพีรัช สงเคราะห์
พรรคประชาชน,55,นายธนู แนบเนียร
พรรคประชาชน,56,นายอรรถพล ศรีชิษณุวรานนท์
พรรคประชาชน,57,นายวัลลภ ตรีฤกษ์งาม
พรรคประชาชน,58,นายรักชาติ สุวรรณ์
พรรคประชาชน,59,นายปรเมศวร์ ศิริรัตน์
พรรคประชาชน,60,นายวิชิต เมธาอนันต์กุล
พรรคประชาชน,61,นายถนัด ธรรมแก้ว
พรรคประชาชน,62,นางฐิติยาภรณ์ ศุภรัตนสิทธิ
พรรคประชาชน,63,นายวิจักขณ์ฤทธิ์ จิวจินดา
พรรคประชาชน,64,นายอัศวิน สุทธิวิเชียรโชติ
พรรคประชาชน,65,นายคณาสิต พ่วงอำไพ
พรรคประชาชน,66,นายศุภลักษณ์ บำรุงกิจ
พรรคประชาชน,67,นายปรินทร์ จิระภัทรศิลป
พรรคประชาชน,68,นายทวีพล ตั้งใจรักการดี
พรรคประชาชน,69,นายนรชัย อนันต์ศักดากุล
พรรคประชาชน,70,นายคณิศร ขุริรัง
พรรคประชาชน,71,นายไมตรี สมณะ
พรรคประชาชน,72,นายธนากร กลิ่นผกา
พรรคประชาชน,73,นางสาวเบญจมาภรณ์ ศรีละบุตร
พรรคประชาชน,74,นางสาวตามหทัย ชนะบูรณาศักดิ์
พรรคประชาชน,75,นายทรงธรรม สุขสว่าง
พรรคประชาชน,76,นายมัจดี โต๊ะตาหยง
พรรคประชาชน,77,นายชาญณรงค์ วงศ์ลา
พรรคประชาชน,78,นายกษิเดช แดงเดช
พรรคประชาชน,79,นายธีร์ อิสระดำรงกุล
พรรคประชาชน,80,นายนพดล สมยานนทนากุล
พรรคประชาชน,81,นายณัฐดนัย วัดเกี้ยวพงษ์
พรรคประชาชน,82,นายธีรพงศ์ ชื่นชอบ
พรรคประชาชน,83,นายสมเมธ ยุวะสุต
พรรคประชาชน,84,นายปัญจมพงศ์ เสริมสวัสดิ์ศรี
พรรคประชาชน,85,นางสาวภัณฑิรา มั่นสัมฤทธิ์
พรรคประชาชน,86,นายบูรพา เล็กล้วนงาม
พรรคประชาชน,87,นายกฤษฎา บุญทศ
พรรคประชาชน,88,นายเทพพร จำปานวน
พรรคประชาชน,89,นายชัยสักก์ สุนทรวิภาต
พรรคประชาชน,90,นางสาววริสา มีเจริญ
พรรคประชาชน,91,นายกฤษฎา อุดมเวช
พรรคประชาชน,92,นายภีศเดช สัมมานันท์
พรรคประชาชน,93,"นายพอล ศุภศิษย์
นิ่มสุวรรณ"
พรรคประชาชน,94,นายคมเดช หลิมรัตน์
พรรคประชาชน,95,"นางอังสนา โรมินทร์
คราวซ์"
พรรคประชาชน,96,นายวรภพ วิริยะโรจน์
พรรคประชาชน,97,นายนิติพล ผิวเหมาะ
พรรคประชาชน,98,นายคำพอง เทพาคำ
พรรคประชาชน,99,นายวิโรจน์ ลักขณาอดิศร
พรรคประชาไทย,1,นายบุญยงค์ จันทร์แสง
พรรคประชาไทย,2,นายสุวัฒน์ เพชรกาศ
พรรคประชาไทย,3,นายศุภชัย ชูวารี
พรรคประชาไทย,4,นายแสนรัก แสงสว่าง
พรรคประชาไทย,5,นายวิชิต ดิษฐประสพ
พรรคประชาไทย,6,นางสาวจิรปรียา อวนศรี
พรรคประชาไทย,7,นายมานะ จรอำ
พรรคประชาไทย,8,นายสนธยา อ่ำเมือง
พรรคประชาไทย,9,นายสมศักดิ์ เจริญวัย
พรรคไทยสร้างไทย,1,นายอุดมเดช รัตนเสถียร
พรรคไทยสร้างไทย,2,นายประวัฒน์ อุตตะโมช
พรรคไทยสร้างไทย,3,นายชวลิต วิชยสุทธิ์
พรรคไทยสร้างไทย,4,นายต่อพงษ์ ไชยสาส์น
พรรคไทยสร้างไทย,5,นายไชยวัฒน์ หาญสมวงศ์
พรรคไทยสร้างไทย,6,นายปริเยศ อังกูรกิตติ
พรรคไทยสร้างไทย,7,นายภัชริ นิจสิริภัช
พรรคไทยสร้างไทย,8,นายศรัณยู คงสวัสดิ์เกียรติ
พรรคไทยสร้างไทย,9,นายวัชรพงศ์ อึงศรีสวัสดิ์
พรรคไทยสร้างไทย,10,นายวรวุฒิ โตวิรัตน์
พรรคไทยสร้างไทย,11,นายพิศุทธิ์ จำเริญรวย
พรรคไทยสร้างไทย,12,นายวิจักร อากัปกริยา
พรรคไทยสร้างไทย,13,นายโรจนินทร์ ศิริเบญญาภิรมย์
พรรคไทยสร้างไทย,14,นายกฤษฎา เฉลิมสุข
พรรคไทยสร้างไทย,15,นายศุชัยวุธ ชาวสวนกล้วย
พรรคไทยสร้างไทย,16,นายปิยะณัฐ อันทะไชย
พรรคไทยสร้างไทย,17,นายณรงค์ รุ่งธนวงศ์
พรรคไทยสร้างไทย,18,นายทิวากร สุระชน
พรรคไทยสร้างไทย,19,นายเวชยันต์ ข้างรักษา
พรรคไทยสร้างไทย,20,นายศักดิ์ณรงค์ ศิริพร ณ ราชสีมา
พรรคไทยสร้างไทย,21,นายณัฐวัฒน์ พอใช้ได้
พรรคไทยสร้างไทย,22,นายนิเวศ มิ่งมิตรโอฬาร
พรรคไทยสร้างไทย,23,นายอดิลัน อาลีอิสเฮาะ
พรรคไทยสร้างไทย,24,นายสุนทร ภูไพบูลย์
พรรคไทยสร้างไทย,25,นายนัฏฐ์ประชา เกื้อสกุล
พรรคไทยสร้างไทย,26,นายทูลสวัสดิ์ ยอดมณีบรรพต
พรรคไทยสร้างไทย,27,นางสาวรินรดา สหพัฒนโชติ
พรรคไทยสร้างไทย,28,นายทรงกริช รัตนวรรณี
พรรคไทยสร้างไทย,29,นายประวัติ สุทธิประภา
พรรคไทยสร้างไทย,30,นายศรายุทธ โอสุวรรณรัตน์
พรรคไทยสร้างไทย,31,นายยืนยง โพธิ์อุดม
พรรคไทยสร้างไทย,32,นายวิชิต ตันจรัสสกุล
พรรคไทยสร้างไทย,33,นายประมวล สีแสง
พรรคไทยสร้างไทย,34,นายณัฐวุฒิ วงศ์เนียม
พรรคไทยสร้างไทย,35,นายศุภเวศย์ รณะนันทน์
พรรคไทยสร้างไทย,36,นางสาวมาริสา สมคำพี่
พรรคไทยสร้างไทย,37,นางสาวอัจฉราภาดาพิสุทธิ์ สารคำ
พรรคไทยสร้างไทย,38,นายพันศักดิ์ จันทร์ใบเล็ก
พรรคไทยสร้างไทย,39,นายก้อง เพชรแก้ว
พรรคไทยสร้างไทย,40,นายสุทิน ช่วยธานี
พรรคไทยสร้างไทย,41,นายวัฒนพงษ์ จิตตรี
พรรคไทยสร้างไทย,42,นายกนิษฐ ประสานสุข
พรรคไทยสร้างไทย,43,นายโรจนฤทธิ์ รักษ์กุล
พรรคไทยสร้างไทย,44,นางสาวปทุมรัตน์ สุราฤทธิ์
พรรคไทยสร้างไทย,45,นายบุญโชค สังขาว
พรรคไทยสร้างไทย,46,นางสาวสุดารัตน์ รัตนพงษ์
พรรคไทยสร้างไทย,47,นางสาวนิภาพรรณ โอทอง
พรรคไทยสร้างไทย,48,นายบุญสืบ จันทร์แจ่มศรี
พรรคไทยสร้างไทย,49,นายอภิรัฐ พันธ์สืบ
พรรคไทยสร้างไทย,50,นางสาวพิชญาณี พรหมด้วง
พรรคไทยสร้างไทย,51,นางสาวนาตญา สุวรรณ์ชาติ
พรรคไทยสร้างไทย,52,นายธีระพงษ์ ไชยรี
พรรคไทยสร้างไทย,53,นายภูธเนศ โพธิประสิทธิ์
พรรคไทยสร้างไทย,54,นายประมวล ตรีเดช
พรรคไทยสร้างไทย,55,นายประจวบ รัตนพงษ์
พรรคไทยสร้างไทย,56,นายพชร สงประเสริฐ
พรรคไทยสร้างไทย,57,นางสาวสุพัชรี สุปริยกุล
พรรคไทยสร้างไทย,58,นายถาวร วงศ์ชนะ
พรรคไทยสร้างไทย,59,นายอลงกรณ์ คงฉาง
พรรคไทยสร้างไทย,60,นางสุวภัทร์ เหมโกทวีทรัพย์
พรรคไทยสร้างไทย,61,นายธนบดี บุญเกษมสมบัติ
พรรคไทยสร้างไทย,62,นางสาวมุกรวี บุญงาม
พรรคไทยสร้างไทย,63,นายธเนศพล อินทร์จันทร์
พรรคไทยสร้างไทย,64,จ่าสิบเอก ทัดเทียม เพ็ชรศรี
พรรคไทยสร้างไทย,65,นายพิเชฐ สุดเดือน
พรรคไทยสร้างไทย,66,นายรัตนพล วงศ์เทวราช
พรรคไทยสร้างไทย,67,นายพัลลภ เสนาดี
พรรคไทยสร้างไทย,68,พันตำรวจเอก ชัชชัย เศรษฐีพันล้าน
พรรคไทยสร้างไทย,69,นายสัญญาลักษณ์ ยาทองไชย
พรรคไทยสร้างไทย,70,นายสิริชัย ดุลยะมา
พรรคไทยสร้างไทย,71,นายอัครพัชร์ เจริญชัยสง่า
พรรคไทยสร้างไทย,72,นายอุดม สมรภูมิบูรพา
พรรคไทยสร้างไทย,73,ร้อยตำรวจเอก วีรพงษ์ พิไสย
พรรคไทยสร้างไทย,74,นางสาวศิริพร ถนอมพันธุ์รักษ์
พรรคไทยสร้างไทย,75,นางสาวกัญญารัตน์ สุวรรณราช
พรรคไทยสร้างไทย,76,นายยงยุทธ อุดมฤทธิ์
พรรคไทยสร้างไทย,77,นายพีรพันธุ์ โพธิ์พันธ์
พรรคไทยสร้างไทย,78,นางสาวอัญญา โกสีย์
พรรคไทยสร้างไทย,79,นายชนินทร์ หาญชาญสิน
พรรคไทยก้าวใหม่,1,ศาสตราจารย์สุชัชวีร์ สุวรรณสวัสดิ์
พรรคไทยก้าวใหม่,2,คุณหญิงกัลยา โสภณพนิช
พรรคไทยก้าวใหม่,3,นายก้องเกียรติ กรสูต
พรรคไทยก้าวใหม่,4,นางสาวจิตภัสร์ ตั้น กฤดากร
พรรคไทยก้าวใหม่,5,นายวราวิช กำภู ณ อยุธยา
พรรคไทยก้าวใหม่,6,นายศักย์ ทับพลี
พรรคไทยก้าวใหม่,7,นายคเณศ วังส์ไพจิตร
พรรคไทยก้าวใหม่,8,นายกิติ วงษ์กุหลาบ
พรรคไทยก้าวใหม่,9,นายจักรพันธ์ พรนิมิตร
พรรคไทยก้าวใหม่,10,นายณัฐวัฒน์ บูรณะกนก
พรรคไทยก้าวใหม่,11,นายชยพล เจียงกะรัต
พรรคไทยก้าวใหม่,12,นายภาณุรัช ดำรงไทย
พรรคไทยก้าวใหม่,13,นายคมสัน พันธุ์วิชาติกุล
พรรคไทยก้าวใหม่,14,นายเศรษฐฐากรณ์ วงษ์อารยะสกุล
พรรคไทยก้าวใหม่,15,นายเอกสิทธิ์ วงศ์เทพวาณิชย์
พรรคไทยก้าวใหม่,16,นางสาวธัญชนก นานา
พรรคไทยก้าวใหม่,17,นายสุจินดา เสงี่ยมไพศาล
พรรคไทยก้าวใหม่,18,นายยุสรีย์ กอดิรีย์
พรรคไทยก้าวใหม่,19,นายเอกรส จินตะมัย
พรรคไทยก้าวใหม่,20,นายเศษฐวิชช์ ศิริโภคานุสรณ์
พรรคไทยก้าวใหม่,21,นางสาวอภิชชยา เทพโสธร
พรรคไทยก้าวใหม่,22,นางสาวชนิกานต์ นุ่มบัว
พรรคไทยก้าวใหม่,23,นายรุ่งโรจน์ สุวรรณสิชณน์
พรรคไทยก้าวใหม่,24,นายกฤช จุลกะเศียน
พรรคไทยก้าวใหม่,25,นายกิตติเดช กิจมโนมัย
พรรคไทยก้าวใหม่,26,นายไตรรัตน์ มิ่งเมือง
พรรคไทยก้าวใหม่,27,ว่าที่ร้อยเอก พรเนตร ศรีทอง
พรรคไทยก้าวใหม่,28,นายอำนาจ ทัดสวน
พรรคไทยก้าวใหม่,29,นายชิน จินตประยูร
พรรคไทยก้าวใหม่,30,นายหรรษวัธน์ ศิริฉัตรฐิติกุล
พรรคไทยก้าวใหม่,31,นางจิราภรณ์ บุญไกรสร
พรรคไทยก้าวใหม่,32,นายชัยวัฒน์ งามศักดิ์ทวีชัย
พรรคไทยก้าวใหม่,33,นายวัชรากร นาคทองกุล
พรรคไทยก้าวใหม่,34,นางสาวนิรินธร มีทรัพย์นิคม
พรรคไทยก้าวใหม่,35,นายรัชต์เชียร ทิพธนากิตติพร
พรรคไทยก้าวใหม่,36,นายกุลพงษ์ เกยานนท์
พรรคไทยก้าวใหม่,37,นายชาติพฤษภา พงษ์อมาตย์
พรรคไทยก้าวใหม่,38,นายสาโรจน์ คำพิทักษ์
พรรคไทยก้าวใหม่,39,นายบุญเศรษฐ์ มานะดี
พรรคไทยก้าวใหม่,40,นายเปี่ยมศักดิ์ คุณากรประทีป
พรรคไทยก้าวใหม่,41,นายทวีศักดิ์ อัชรางกูร
พรรคไทยก้าวใหม่,42,นายญาณกร วรากุลรักษ์
พรรคไทยก้าวใหม่,43,นายเสน่ห์ ขาวโต
พรรคไทยก้าวใหม่,44,นางวิบูลย์ สุริยจักรยุทธนา
พรรคไทยก้าวใหม่,45,นายภพสุกานต์ ศิริพงศ์ภัค
พรรคไทยก้าวใหม่,46,นายพิธาน โตตระกูลพิทักษ์
พรรคไทยก้าวใหม่,47,นายศิวฤทธิ์ นนทวุฒิสวัสดิ์
พรรคไทยก้าวใหม่,48,นายสมเพชร ปาปะโข
พรรคไทยก้าวใหม่,49,นายสงวน ศรีม่วง
พรรคไทยก้าวใหม่,50,นายวรศักดิ์ ทองศิริ
พรรคไทยก้าวใหม่,51,นายวีระชัย นพปราชญ์
พรรคไทยก้าวใหม่,52,นายนราธร สุขฉันทะ
พรรคไทยก้าวใหม่,53,นายธำรง ลิ่มประสิทธิ์
พรรคไทยก้าวใหม่,54,นายเนติ เศรษฐเกียรติ
พรรคไทยก้าวใหม่,55,นายเนติธร พรพิทักษ์สิทธิ์
พรรคไทยก้าวใหม่,56,นายปิติ จันทรุไทย
พรรคไทยก้าวใหม่,57,นายประเสริฐ เมืองแก้ว
พรรคไทยก้าวใหม่,58,นางชัญญาภัค แจ่มจำรัส
พรรคไทยก้าวใหม่,59,นายสมัครสุนทรเวทย์ ปรีชาชัยวัฒน์
พรรคไทยก้าวใหม่,60,นายศราวุธ นาควิทยานนท์
พรรคประชาอาสาชาติ,1,ว่าที่ร้อยโท จิระเดช พรหมนา
พรรคประชาอาสาชาติ,2,ว่าที่ร้อยตรี สุธน พิทักษ์
พรรคประชาอาสาชาติ,3,นายอานุภาพ ธีรณิศรานนท์
พรรคพร้อม,1,นางพิมไหมทอง ศักดิพัตโภคิน
พรรคพร้อม,2,นายอัคเดช เครือบุญสิน
พรรคพร้อม,3,นายไชโย จันทร์ทำมา
พรรคพร้อม,4,นายกัณตพัฒน์ เตชะกมลสุข
พรรคพร้อม,5,นายวรพัทธ์ คงสะอาด
พรรคพร้อม,6,นายภาคิน เสียงสนั่น
พรรคพร้อม,7,นายฤทธิเกียรติ ถาโคตร
พรรคพร้อม,8,นายธนเสฏฐ์ รัตนสมบูรณ์
พรรคพร้อม,9,นายอดิศักดิ์ ไชยรัตน์
พรรคเครือข่ายชาวนาแห่งประเทศไทย,1,นายวชิร ศุภรมย์
พรรคเครือข่ายชาวนาแห่งประเทศไทย,2,นายวันชัย ปารมีกาศ
พรรคเครือข่ายชาวนาแห่งประเทศไทย,3,นายเทอดรัฐ นาหัวนิล
พรรคเครือข่ายชาวนาแห่งประเทศไทย,4,นายบุญยืน พานิชกุล
พรรคเครือข่ายชาวนาแห่งประเทศไทย,5,นางเตือนใจ น้ำใจสัตย์
พรรคเครือข่ายชาวนาแห่งประเทศไทย,6,นายศรีวิชัย ชาวดง
พรรคไทยพิทักษ์ธรรม,1,นายภปกชนก ทับเที่ยง
พรรคไทยพิทักษ์ธรรม,2,นายเจริญ คัมภีรภาพ
พรรคไทยพิทักษ์ธรรม,3,นางสาวกฤชพร นาคำมิน
พรรคไทยพิทักษ์ธรรม,4,นายพัฒนชัย รัตนบุรี
พรรคไทยพิทักษ์ธรรม,5,นายกิตติศักดิ์ โตฤกษ์ธนะดีงาม
พรรคไทยพิทักษ์ธรรม,6,นายถนอมเกียรติ ใหม่กันทะ
พรรคไทยพิทักษ์ธรรม,7,นายจักรพงศ์ วงศ์มั่นนามบุรี
พรรคไทยพิทักษ์ธรรม,8,นางอนัญญา สวัสดิสาร
พรรคไทยพิทักษ์ธรรม,9,นายชรินทร์ ชูแก้ว
พรรคไทยพิทักษ์ธรรม,10,นายอมรเทพ สังข์น้อย
พรรคความหวังใหม่,1,นายชิงชัย มงคลธรรม
พรรคความหวังใหม่,2,นายพูลลาภ บุญสม
พรรคความหวังใหม่,3,นายเกษม เปล่งปลั่ง
พรรคความหวังใหม่,4,นายทัศพงษ์ เข่งพิมล
พรรคความหวังใหม่,5,นายสัญญา ด่านวันดี
พรรคความหวังใหม่,6,นายสมนึก เกวียนกระโทก
พรรคความหวังใหม่,7,พันจ่าเอก สิรภพ รักเกื้อ
พรรคความหวังใหม่,8,นายวิรัชต์ เนตรทัศน์
พรรคไทยรวมไทย,1,นายโสภณ สมประสงค์ บิวโดอิน
พรรคไทยรวมไทย,2,นายชัยนครินทร์ ศรีกุลโรจน์
พรรคไทยรวมไทย,3,นายวิทยา ปราบภัย
พรรคไทยรวมไทย,4,นายพลัฏฐ์ เพียรพิทักษ์
พรรคเพื่อบ้านเมือง,1,นายประสพ บุษราคัม
พรรคเพื่อบ้านเมือง,2,นายพนพภณษฎ์ ทองคำ
พรรคเพื่อบ้านเมือง,3,นายสำเร็จพูลณ์ทวีฐ์ รุ่งเรือง
พรรคเพื่อบ้านเมือง,4,นายชาตินักรบ อินสอน
พรรคเพื่อบ้านเมือง,5,นายราเชนทร์ ศิวะเสาร์แก้ว
พรรคเพื่อบ้านเมือง,6,ร้อยตรี รักชาติ อินทรีย์
พรรคเพื่อบ้านเมือง,7,นายเปรมชนะ เร่งพิมาย
พรรคเพื่อบ้านเมือง,8,นายธีรภัทร พรหมทะสาร
พรรคเพื่อบ้านเมือง,9,นายสมศักดิ์ ลีลาธนากุล
พรรคเพื่อบ้านเมือง,10,พลตรี ถิรเดช ทรัพย์เขื่อนขันธ์
พรรคเพื่อบ้านเมือง,11,ว่าที่ร้อยตรี เจริญศักดิ์ เอกสมาธิกุล
พรรคเพื่อบ้านเมือง,12,พันตำรวจเอก บันดล วงศ์ระรื่น
พรรคเพื่อบ้านเมือง,13,นายธนาบดินทร์ เร่งพิมาย
พรรคเพื่อบ้านเมือง,14,นายอาคม แก้วบุรี
พรรคเพื่อบ้านเมือง,15,นายอาริยะ รุ่งเรือง
พรรคเพื่อบ้านเมือง,16,นายคำผัน จันทจร
พรรคเพื่อบ้านเมือง,17,นายสุธน โคเฟื่อง
พรรคเพื่อบ้านเมือง,18,ร้อยตำรวจตรี รับเสด็จ ยศติณเธียร
พรรคเพื่อบ้านเมือง,19,นางสร้อยทอง สุวรรณี
พรรคเพื่อบ้านเมือง,20,นายธงชัย แสงประจักษ์
พรรคเพื่อบ้านเมือง,21,นายปราโมทย์ ห้าวหาญ
พรรคเพื่อบ้านเมือง,22,นางอารีย์ ชัยขัน
พรรคเพื่อบ้านเมือง,23,นางรุ้งลาวัลย์ สีทองเสือ
พรรคเพื่อบ้านเมือง,24,นางสาวพนินทร เอกสมาธิกุล
พรรคเพื่อบ้านเมือง,25,นางสาวธฤษวรรณ สุภโกศล
พรรคเพื่อบ้านเมือง,26,นางสาวณวิรินทร์ ดิษยเศรษฐนนท์
พรรคเพื่อบ้านเมือง,27,นายนฤวุฒิ นิรุตติพงศ์
พรรคเพื่อบ้านเมือง,28,นางมริศรา โพธ์นาง
พรรคเพื่อบ้านเมือง,29,นายสุรชัย หาญชิน
พรรคเพื่อบ้านเมือง,30,นายสฤษดิ์ วาปี
พรรคเพื่อบ้านเมือง,31,นายลพ พยอมหอม
พรรคเพื่อบ้านเมือง,32,นายทองเพชร เศษภักดี
พรรคเพื่อบ้านเมือง,33,นายประเสริฐ ทองลือ
พรรคเพื่อบ้านเมือง,34,นางสาวจิราภรณ์ เลาหะกาญจนศิริ
พรรคเพื่อบ้านเมือง,35,นางสาวสุพรรษา ศรีมา
พรรคเพื่อบ้านเมือง,36,นายไพรัช ยิ่งสุข
พรรคเพื่อบ้านเมือง,37,นางสาวอรณิชา พิมพ์แสง
พรรคเพื่อบ้านเมือง,38,นายชนภัช ภัทรสุปรีดิ์
พรรคเพื่อบ้านเมือง,39,นายบุญเลี้ยง แสงวงค์
พรรคเพื่อบ้านเมือง,40,นายศันสนะ ตันติชาติ
พรรคเพื่อบ้านเมือง,41,ร้อยเอก สารัชต์ เลิศรัตนาวดีสกุล
พรรคเพื่อบ้านเมือง,42,ดาบตำรวจ สิริเชษฐ์ เสือโนนม่วง
พรรคเพื่อบ้านเมือง,43,นางสาวกรชนก เงินทอง
พรรคเพื่อบ้านเมือง,44,นางณฐิตา ลับแสง
พรรคพลังไทยรักชาติ,1,พันตำรวจเอก นเรศร์ อินทรพรหม
พรรคพลังไทยรักชาติ,2,นายมาโนช กฤตยาเมธา
